"","angleData","YData"
"1",0.890520242542566,2.59491126655454
"2",5.25488294292146,-6.94157192875238
"3",0.78352477244891,9.69636445054224
"4",3.76615287959013,-2.84646734054579
"5",0.551529041146921,7.35265846884835
"6",4.66758917984746,-2.20701222865082
"7",3.09484545454131,-0.0304172256476619
"8",0.590806788217029,0.824266093956096
"9",1.01032841877115,0.181303051392598
"10",4.06094602693085,-3.09211478766813
"11",0.748511939212439,6.04511121793092
"12",2.65478659732927,8.53075173379941
"13",3.59793892825529,5.08286761886479
"14",3.80686597458539,1.72017081405086
"15",6.26737106033844,-4.40995264242522
"16",3.74816559960486,-4.05629263915179
"17",4.29911819543767,-5.3920324424323
"18",3.0637606558261,9.2548819657847
"19",1.08981868830565,2.38724383843626
"20",3.40533960569758,-1.62079449496499
"21",5.57066176860563,-7.34108378510227
"22",2.00839824673993,4.92045268833544
"23",1.59668198780229,9.23643425176764
"24",1.01065010129052,1.82179799008383
"25",1.23674085446646,3.66148234016391
"26",6.09473772272414,-3.11126216890739
"27",4.58308788631512,-2.56438554127861
"28",3.60196707172364,-2.03664780725601
"29",1.06910916354511,5.64390897732409
"30",0.529627583400438,8.34467925698016
"31",0.543889780952499,3.35979916010396
"32",3.19857620935505,0.505392350721109
"33",3.2779738732493,5.592683775839
"34",4.97715198468941,-6.16734927298891
"35",0.716259635317381,2.96969529863604
"36",4.40576563146859,-6.10127503501454
"37",5.3882383506009,-2.59994037772218
"38",5.10515944078234,-6.14334668369789
"39",5.80780297485445,-0.113189749282304
"40",2.21704370620937,5.33478224467924
"41",3.00245863318509,-3.28242034917313
"42",3.42693177769249,-4.16536100164289
"43",5.51906921518012,-5.62479147112332
"44",0.265981786226165,-1.2985363190342
"45",6.25400261503189,-0.469655658805083
"46",4.84727352659317,0.0547652186138734
"47",3.97487279134938,-6.42106083141367
"48",1.18049144219552,2.04369628279975
"49",4.45151281775396,-0.242891530803131
"50",3.94595848907835,-4.58934326930332
"51",4.29908551092194,-6.54508812287655
"52",0.275039320628829,-2.24569444932407
"53",2.88753184007999,-0.0237687582740616
"54",0.305928170244829,0.839105531458768
"55",0.5166735710824,4.87586176935521
"56",1.77524456311315,5.2547769108537
"57",3.41682702654905,-4.93784570043977
"58",5.04822660877565,-0.235486782308699
"59",2.6617922384452,-1.01156139665953
"60",2.45739614491605,8.3463967382589
"61",3.69635799575878,-7.34543672999958
"62",2.17462177075405,6.91315298548413
"63",3.72428628978148,-2.16241581788059
"64",0.821324433905105,6.94434147431461
"65",4.49731981983374,-4.62367056244682
"66",4.52825496934403,-3.08459457934927
"67",0.381015398683572,-0.325937412824893
"68",3.90607060569076,-1.40421982043316
"69",1.61921796871064,9.131288862165
"70",3.459048622688,-0.75135990677029
"71",3.8663742636302,-2.56383397739247
"72",1.89078517470053,4.45420336711096
"73",1.78734833622102,3.98190170131687
"74",4.74329237433223,-12.0293680517334
"75",5.22673845155043,-4.19815801716463
"76",0.810977125092446,-4.06840054292087
"77",5.44623898992033,-9.41529918348928
"78",0.446603987808719,5.9523551080309
"79",5.46202576315995,-3.5887614855815
"80",0.451211199603297,8.05078164924674
"81",0.979235023949305,3.65990434760713
"82",1.08344784684311,5.37640617262923
"83",1.7077071476687,2.94862028048667
"84",6.00107989473396,0.900742595170418
"85",4.8320925170089,-2.42595819754661
"86",2.49925047108245,6.88423515922428
"87",4.84840429204837,-10.0023744222582
"88",3.47293535938918,-2.87992830792842
"89",3.60186934879594,-6.10205845546107
"90",3.69612270732951,-5.54936777391887
"91",4.86091743937404,-3.85074526328376
"92",5.78688199260013,-3.87549909572819
"93",4.18231132584841,-5.05198807169658
"94",2.50231773777213,3.34877911610701
"95",6.06674767892932,3.24444050972353
"96",2.03204590055963,3.45581524206992
"97",5.6734764660619,-5.46009471115258
"98",3.81228756361633,-5.72476014558778
"99",5.82640103922991,-0.18199254976859
"100",0.0130470963325035,1.6788901671518
"101",0.199310075961819,6.98299035543764
"102",4.13640625412934,-6.50294785964869
"103",5.69887990684574,-3.91707845657746
"104",4.37381664754517,-1.57357339642171
"105",3.16532657422571,-4.33537525659206
"106",3.71592642247373,-4.18161940785461
"107",0.909099101729482,1.64615707667819
"108",0.0613148831538527,1.87827196101766
"109",1.08858847806817,2.73310891331003
"110",2.6642524599633,1.15083629324535
"111",4.77232592344466,-7.16244444066686
"112",6.25803197564808,-0.299092580500055
"113",0.531100152350274,-0.714654751951175
"114",4.30452571265961,-0.495075898128403
"115",0.56634272516775,7.23682546617071
"116",5.5569537331995,-4.45872392513511
"117",0.301928991091536,6.45064197842668
"118",0.336873393409014,7.85880925763157
"119",1.8731964213955,7.18876996392072
"120",3.14420328210438,-2.51186245354996
"121",4.04146308729678,-3.80214669815203
"122",2.62982645290764,6.62656404850284
"123",5.53349469925944,-2.23037158838422
"124",0.58214780390129,2.16942511161912
"125",2.25694710091735,5.5683949459805
"126",2.94846951858461,2.75419427251046
"127",2.78165557399996,-3.21529920264233
"128",1.22075618937243,2.97442939034112
"129",4.06840123886464,1.61684337367475
"130",1.93062966354914,3.07883674747993
"131",1.93618460341468,3.11455756448377
"132",0.306896210933324,1.25259163572339
"133",0.324043729127713,2.02400362867518
"134",1.01753642241915,5.93545091808756
"135",0.888724007356447,-1.4830014555827
"136",1.19746878937018,1.14345715565935
"137",3.21658880513768,-0.0910195350534364
"138",6.01480236914152,-5.54748821773673
"139",0.385441518774954,2.85958726243697
"140",1.52185375730614,5.25126022774009
"141",1.90921510736406,3.70467430472858
"142",1.48808535972255,5.31365467811214
"143",0.443360538968913,0.390078917636451
"144",4.77349829282713,-5.8786036027489
"145",0.72467497647869,3.14401682622437
"146",4.88287665897797,-7.50904860784062
"147",0.3769558814741,3.52499879528589
"148",1.22759971868432,3.5800481762846
"149",3.74879357767124,-5.06283672198863
"150",4.24465884044979,-4.29971150681945
"151",3.17985801892442,-2.0705344788309
"152",0.146520826289107,1.31986692667778
"153",5.72035658730998,2.42047394144405
"154",4.05147156233851,-6.0393715628823
"155",0.985947797643273,2.79541289135776
"156",2.20932236753319,3.0260722212355
"157",2.76299744805984,4.59941489223901
"158",0.88762108854688,10.3081409649005
"159",1.3411561101124,9.01762250826141
"160",3.76138027466627,-1.19756363721414
"161",4.16699612278873,-6.38305730975503
"162",1.97492905393942,11.3598642923913
"163",2.92379257023352,-2.01467908497719
"164",4.35875030586871,-4.54361097103212
"165",2.56315553847073,-1.75623762675872
"166",0.9464035698046,4.23895258549571
"167",5.39046101324086,-0.497556725955977
"168",4.36408308699473,-6.53183824602248
"169",4.55215804134578,-2.10029296099401
"170",5.27238660705933,-0.874982207240738
"171",2.58190174963424,-4.02069360468611
"172",3.23739531697812,2.08667920733196
"173",6.10120606913959,0.450047649746293
"174",2.19008049046606,2.05021337862394
"175",2.62030539291156,3.3615358852591
"176",4.78540423406022,-6.4026277217824
"177",3.64694873784773,-1.57426792070265
"178",3.33385881703581,-4.98914819808757
"179",5.49821950483171,0.134628068295542
"180",1.26105830386584,4.85698417424012
"181",5.78872778998786,-3.41454578056971
"182",3.09702347916192,-2.58699979912436
"183",0.699316666717589,-2.2002037646348
"184",3.83980263155792,4.38826685250726
"185",2.01115938904401,5.39431108045159
"186",4.56016895734116,-3.40373414363901
"187",0.768272767450253,3.49321102606224
"188",3.16913881439224,0.314154043563733
"189",3.16445537725115,-4.15703623941998
"190",5.25160962568323,-4.41174836459155
"191",5.97323776658613,1.03121719795123
"192",2.91013069574447,-0.140628723039114
"193",5.86789012010237,-2.43876375349851
"194",1.48278238994115,3.58714574361608
"195",4.33128768354026,2.52086607735176
"196",3.79640550759638,-0.96813983645731
"197",5.09778753910733,-4.32997965685026
"198",1.58788013344402,7.82875351073255
"199",1.91730791019892,4.98908244763087
"200",2.65629652042934,2.2887766024805
"201",4.40869965557962,-8.6761033155652
"202",1.80543786979128,-0.390442140842357
"203",6.00003398437902,-2.65231268499242
"204",2.30103984535143,3.72367830597387
"205",2.55805896448654,0.509096273562853
"206",6.16292134712006,-0.70204894081878
"207",2.31748140901998,7.64042843764491
"208",4.5983066933138,-1.29796637866759
"209",0.100319627766599,0.652745347252731
"210",5.58632942959231,-3.58431371640371
"211",3.11220883946456,3.1007247096544
"212",5.80420880749724,-2.46895395821852
"213",5.78359013287525,-1.28153178076722
"214",3.73183542105595,-3.84250822233365
"215",0.578433444657604,1.33693223812232
"216",1.74397643881883,9.61876432898651
"217",3.81720337066514,-3.26344410397638
"218",1.30896549308399,7.93496745765413
"219",3.09783379826354,-8.79336434789442
"220",1.40616467855165,2.24865693617823
"221",4.26086016224845,-4.78580639742926
"222",0.14319123644404,1.61575088596229
"223",5.43972054733818,-7.16940922661154
"224",2.13775356094227,5.39431051038419
"225",4.79077892047463,-4.87562510993255
"226",2.45883733719892,10.5129532268584
"227",3.89350859543832,-6.13571387414584
"228",0.15120559322274,0.242812777664273
"229",1.7317863067309,4.16150140452092
"230",2.35516424769004,3.49966995636108
"231",1.71994750319722,1.47049224517034
"232",4.06237607324087,-4.88746067960947
"233",5.77260507955511,-2.6379009223524
"234",4.44288192731701,-8.25652203704914
"235",2.1924602514898,0.196971567872219
"236",4.19603708596999,-0.843741794370739
"237",2.74876254124455,4.68937830910366
"238",2.42386514382669,1.79642654865729
"239",4.18827162714746,-3.14826247264457
"240",5.20294982509294,-8.98732762397439
"241",3.85232748369115,-2.53735601019246
"242",1.0463348367087,5.14024591282502
"243",1.37282532704526,3.75648845067791
"244",0.623174247171615,5.31112132340837
"245",5.54889467403306,-2.69437456728289
"246",5.68635909236642,2.29040637386756
"247",1.37197775473476,1.21923948996391
"248",1.01208374637902,5.31355622787904
"249",6.05414188353878,2.96892992260711
"250",2.86935026701878,6.01838781989021
"251",2.57688488859327,-1.26794109590151
"252",1.74356274752979,3.27723449719532
"253",4.3713665918448,-8.52221175533073
"254",4.43656848783406,-7.17933586422194
"255",3.21243167179353,1.82185409515672
"256",4.08402626164098,-4.51140641782936
"257",4.33858011657936,-7.60860361034386
"258",5.46877837796489,0.993615870025035
"259",6.18427162561058,2.86286862717556
"260",6.21823354384936,-6.057245051541
"261",4.93766685288947,-6.40424841968123
"262",4.66775985411102,0.33847178013563
"263",5.75437930442414,-5.89325419280875
"264",3.20294785037716,3.27369483578009
"265",6.2820556842634,-2.40099600525239
"266",0.72926998607357,3.07339192656507
"267",5.00849136479753,-4.46203171496801
"268",3.59446304952813,1.7275816094073
"269",0.00861744914563226,-2.94539175834345
"270",4.47118935850371,-0.980307098995392
"271",0.389701245101083,3.49231964819747
"272",1.61115400145404,5.27608448561995
"273",1.47374772972557,4.78603007600595
"274",1.2442650034889,2.85925435712725
"275",1.80998980668915,4.97619534797778
"276",3.5462252759341,-0.122907910375972
"277",6.2567691964654,-2.77472241814483
"278",1.80774622432065,6.97081066319562
"279",0.507646061610395,-0.434061701026602
"280",4.31832695203948,-4.40443708206796
"281",4.01441718742363,-3.8322348574755
"282",1.11749284419961,7.12220653310687
"283",5.17019146565006,-0.900229530959846
"284",5.46461245833476,-3.37910449301427
"285",2.97530492356409,5.76860408826721
"286",2.61503133478015,1.97170243087275
"287",0.620163466674808,2.68004967343214
"288",2.19042718156999,2.55051321421491
"289",3.36961973391297,-1.61229337558431
"290",0.212202840288632,-1.91568194576757
"291",1.92518783504657,-1.188866922071
"292",3.67316680017526,-0.244053667611068
"293",1.52490595593961,6.72848657573484
"294",6.12615622036782,-1.1568374673282
"295",1.25237945312258,6.74447004235865
"296",3.11526809375193,-2.73691213918205
"297",4.81854213589542,-3.48928135702586
"298",2.79192526915684,-2.64072172993009
"299",3.48387826018778,-0.815432563107129
"300",0.29806819082228,-1.02060904719919
"301",0.909409699718564,5.13344165085113
"302",3.55559535693273,-4.52135873747871
"303",5.62920284497358,-0.705488984428595
"304",5.42615944303518,-2.65962728620529
"305",5.56869877392474,-6.88149755390398
"306",5.4002690173036,-4.41673070441132
"307",3.03412539241557,-0.17477127773863
"308",3.58545173455927,-2.76926155806809
"309",1.31907102835153,8.99071275611457
"310",4.35949116561992,-4.48820055896929
"311",5.7512241821892,-3.9799622172835
"312",0.927091594091866,4.67577996907132
"313",4.29252544685751,1.66145891823681
"314",5.95561701487395,-3.23746114598339
"315",0.0551117330648955,1.21732401711579
"316",3.32321698185209,6.29821343522191
"317",2.81589773321476,-0.13020843012335
"318",6.15078693758177,-1.62823239228883
"319",2.62644854726717,-3.7928122322147
"320",6.16514799767471,5.05098540237163
"321",2.3608295354663,5.50485684835247
"322",2.0606685891295,-0.209103528768155
"323",5.26678646009931,-12.0139497811279
"324",4.63744543390802,-7.40322574771008
"325",3.19497726410739,3.40644518026611
"326",3.28378105676466,-0.660141558040179
"327",4.09663568067961,-6.47115710911212
"328",4.23498631576746,-1.60715521548686
"329",4.61556192324053,-1.76817052110784
"330",5.18182664415338,-4.05075203876106
"331",6.07059284206723,-4.02033378048855
"332",0.699858512556214,7.9324727490907
"333",1.48999456144275,2.71836375755097
"334",5.11209452243347,-5.08248556658065
"335",3.27811868165829,-4.47480234220101
"336",5.24691399804578,-2.28418788810697
"337",5.08778733540442,-5.61073887502725
"338",2.42225810929868,3.19085242053171
"339",2.68743296893026,3.88317739993103
"340",5.78825003605321,-0.876240075044553
"341",2.55429927087449,3.79352543880648
"342",2.51696516846784,-2.88165341661602
"343",3.38663411632172,-1.06476417656686
"344",5.98435396173457,-3.98473517033097
"345",1.00596256359004,0.244274312130884
"346",3.89905751685888,-8.79443974861414
"347",3.99627705736869,-2.98070869016527
"348",0.211695735828553,-1.43776513475808
"349",1.09942615116933,0.0698302656812695
"350",5.46487418315665,1.40200753518261
"351",5.9339954587065,-6.34365616683753
"352",4.25407634778963,-5.05666300193782
"353",5.86703038947971,1.02740236811828
"354",1.2698393935649,6.41664489939199
"355",1.44884353460588,7.22832687286457
"356",4.16564760051451,-5.53052874908161
"357",2.9559459954956,6.35525677961566
"358",1.63300979860143,4.65791976288805
"359",4.39562446097957,-3.67047475953612
"360",3.13937398032743,-0.307835081501934
"361",5.07833515398027,-6.74706016029705
"362",1.33591107481277,8.03235036409608
"363",4.4156380507402,-2.49057714299215
"364",4.36566037015777,-11.3939901482338
"365",2.08318508396903,5.53626518581182
"366",2.77350572906335,-0.492174737286416
"367",4.0434441768114,-4.4029035305084
"368",3.05294101611611,4.59978261108794
"369",5.02341455993993,-4.46477847288741
"370",2.75892987602342,3.76822872024227
"371",0.622954347177611,1.26795992726783
"372",5.69632132603058,-0.878098607930653
"373",3.8784727629184,-4.79024591391096
"374",3.16517910037998,0.644440755440461
"375",5.48960775960367,-1.8262758207414
"376",3.8188590808664,-4.92981128003381
"377",0.0352029555329707,-1.24236303391427
"378",4.85720188053753,-5.74896275890886
"379",4.50844372309754,-5.16938044621779
"380",5.33158771841753,-2.53034159213591
"381",3.75024872472967,-3.51675269977886
"382",1.97328787344052,3.90880420094863
"383",5.71974921298183,-3.15962217436898
"384",1.44032122194878,-0.497002741492318
"385",5.34653709540481,-1.46232125641476
"386",5.31681718023962,-6.45677772120863
"387",3.87378091253543,-5.57125088493894
"388",3.36557641705831,-1.47771798237237
"389",4.2168077811871,-2.55712569841885
"390",5.93112246900066,-6.73151474481925
"391",5.40224809969461,-4.7401487482846
"392",1.51160622389524,4.62075109436863
"393",1.66515937200021,0.769420922329567
"394",1.38853771675222,-1.7110278413979
"395",2.58832223668472,2.56330306622199
"396",2.77588232140653,-0.114529001655409
"397",2.3327230375407,6.48321113195316
"398",2.12126313873571,1.67805178968558
"399",1.30322247461851,12.6034667491293
"400",5.86349104644044,-0.643200824260443
"401",4.05079175601042,-0.552030235852308
"402",0.566555786019732,3.98671149409193
"403",3.30103912621538,3.1637318834071
"404",0.797775085254495,2.75789248894852
"405",5.4525467503553,-4.75548605840742
"406",3.86993895757687,-4.26203595796214
"407",0.26046054321566,0.699450704976233
"408",4.61854704708007,-5.71190173236801
"409",1.43264680051832,5.76741352279042
"410",0.925883715298866,2.21118382764333
"411",1.21149233524429,1.58005283910654
"412",3.46604374834878,-2.77123502104031
"413",6.14287877110061,1.70270252344773
"414",5.78096863634225,-2.87466928514578
"415",4.20304694760457,-6.13521462935569
"416",4.93759135753907,-4.63763457630111
"417",2.44542680666507,4.53542940182287
"418",0.268601319523099,3.08710539476557
"419",0.628928651528511,1.82048824634356
"420",6.17433622478982,0.0363370420601958
"421",4.84264351229449,-2.80712203151308
"422",1.32063918290575,4.02535348295685
"423",5.74507653667509,1.79720794933751
"424",3.74431775640104,-1.21021294580437
"425",1.43054909448902,4.7445809509155
"426",4.40314036938446,-5.64306360541035
"427",2.06717569848529,1.91423785631783
"428",4.32467798705415,-10.1270348879572
"429",6.13289087346458,-1.53689895872324
"430",3.90438388308913,-8.39992770849416
"431",5.05630391345638,-3.6603511413782
"432",6.04284810622762,-1.5355666310593
"433",3.17084369912182,1.39328608713803
"434",1.35362542109783,8.49328286697071
"435",4.76765113653817,-3.62150041999617
"436",5.10817393270231,-9.6751876359719
"437",6.00456479527691,0.736862115655171
"438",5.07033163742453,-1.05025729823212
"439",2.53397456378886,2.35809279157835
"440",3.76239927756897,-2.01425133125755
"441",4.3039214411807,-4.60694014487154
"442",1.49744064184189,1.87392299877083
"443",4.23748366614641,0.703102027697511
"444",4.5289254437177,-6.74743766064271
"445",5.11713420499647,-3.96437857881743
"446",5.96934607680163,1.65482214414881
"447",0.581199208319905,1.33157487898293
"448",3.01403081697299,0.188231722259641
"449",1.71292835056991,6.4823539216959
"450",5.21100000727248,-2.46521582570007
"451",3.22656866257594,-0.360275504786204
"452",5.48986915380607,-5.32177470922441
"453",5.03386399798954,-6.45388091047459
"454",0.131911911300588,2.596326744719
"455",0.583827113897007,3.48908267538164
"456",1.29408697692265,2.78061010839048
"457",5.41135931441327,-5.16379932834424
"458",4.77740447427812,-2.40537656232716
"459",1.14800268977715,6.66782795579858
"460",2.16748717340943,1.46125275331798
"461",5.43816003360509,-7.96881880181714
"462",0.280924599100015,-1.47530143465203
"463",1.54005938366641,7.47675557392647
"464",4.83936612668108,-2.52814052938969
"465",1.41729336263172,4.9229737372017
"466",1.36073117116084,1.57900106578361
"467",4.27532594679501,-9.3729306536648
"468",5.49738892285178,-2.50224779603619
"469",1.07628842963036,7.00717807962164
"470",1.31808824583755,5.20039869053907
"471",3.28514040902142,-7.47463316422212
"472",2.43646191886436,2.83894392066897
"473",2.9861276236987,5.26331097540007
"474",4.75261836297995,-5.99971537800237
"475",0.212043788909218,-1.06272562331513
"476",4.35904031474874,-1.54335193996789
"477",0.668458794391917,3.33371356598239
"478",2.17548135362198,4.16596466391283
"479",1.83450171740005,5.42321576037151
"480",4.5863966090967,-1.74687854354097
"481",1.04084695847082,4.18861132106056
"482",2.56177898376027,2.32014392177313
"483",1.44709497299413,7.99879726381199
"484",5.2074806988963,-7.10544651285598
"485",3.00232786586382,1.61395944634285
"486",3.12827875318383,3.62647347525231
"487",1.2101436856962,3.31256750072289
"488",3.87737616245202,-6.68228973430419
"489",5.62996335756627,-4.44465656562069
"490",2.76642142830522,1.72785742750209
"491",0.118457083607294,4.60198920416532
"492",1.61586832518454,7.7044208167022
"493",5.37867910405419,-8.09257067013464
"494",3.22125190040288,-3.41237471067253
"495",5.35979339926307,-5.31313742303792
"496",5.3918551902625,-3.6256988051939
"497",0.704002233867411,0.659417705596706
"498",2.44158456351165,6.92283339006517
"499",5.48814459429125,-3.47405599336605
"500",6.17238752867024,-4.70986371648449
"501",0.133186737613649,4.81443228893938
"502",2.19072077021057,9.69411716523109
"503",0.803285954712899,-1.89192327368936
"504",4.85065380362385,-3.88250970871617
"505",2.11628375765593,5.13411901826068
"506",2.61047153908636,7.9451643460628
"507",5.56738370712407,-5.40743537253611
"508",5.72804004664833,-3.25766726966433
"509",1.58405609776901,5.67867323672541
"510",2.59343692452057,1.38095237873684
"511",0.838975172512074,5.39513948215893
"512",2.23999704301655,7.08141701698834
"513",1.39325254957822,4.65968675920535
"514",1.50612337809556,7.66377392539133
"515",5.72817834507187,-3.24144786103398
"516",1.65584454102868,10.7439279260254
"517",5.26330881124127,-8.80929362762386
"518",6.20691275229295,1.57098349799978
"519",0.528251122316738,-0.523966142882252
"520",4.21520092074634,-2.34642190259772
"521",0.658113880376153,0.869555704544274
"522",0.69598303336695,3.1849082422776
"523",2.13811091964484,3.9755919508384
"524",0.682704882290089,-1.07405673467653
"525",2.32628578691195,7.67531598694241
"526",0.900417235912066,4.38349125457972
"527",3.37502744277718,-3.7991608020195
"528",0.195008494086524,-4.46271678673266
"529",1.47668029969602,1.69385448499949
"530",0.207730348619973,0.155343977381591
"531",5.84633293671916,-4.09575347921719
"532",4.88783465658418,-2.07101575952212
"533",2.68037493632916,4.97448948537736
"534",4.85214157960712,-3.99413117933176
"535",2.7746415796218,1.88515880013531
"536",5.13728667249621,-3.29311682488878
"537",3.6073343426063,-6.31495736800487
"538",3.47372272823197,-2.25493323718592
"539",2.50188657631538,4.89797674230388
"540",2.51190564727276,5.9670365710158
"541",2.40468978857046,11.2358328621244
"542",4.93861194478205,-10.6796187454667
"543",0.0598567649088036,-3.25284808646656
"544",4.89988267788406,-11.3571668562848
"545",0.43575728265134,0.310575982891837
"546",2.42472992297964,5.24503896071133
"547",2.67193755045531,3.04502647611096
"548",5.26133213388758,-7.26097862661753
"549",0.583182559505872,12.8841516204874
"550",3.5034845779439,-0.571476532087046
"551",0.96115519391467,11.1194505554193
"552",3.5436730441834,4.05427036162621
"553",3.60852397003334,4.08203093130891
"554",5.76965943841162,-5.05806561722751
"555",0.322576297946172,-0.456594006757698
"556",4.53075275713549,-2.39602678487545
"557",2.82421342917402,0.166764652169051
"558",6.18773364465185,4.17624351056197
"559",0.472906432713982,-0.795606476817661
"560",3.49049263069715,-0.556626778754278
"561",0.249168379503145,3.41272530715571
"562",0.616899150771519,-7.45896398654295
"563",3.91682065146188,-4.40611692589866
"564",0.0909505210714123,-4.37267533917403
"565",4.4199607366717,-6.9432296431457
"566",2.36574410196058,2.70581393813176
"567",4.57261371324663,-7.45741133084008
"568",0.857250558120954,2.64132272878243
"569",2.74461207734392,2.60253840583137
"570",3.68081029551752,5.43021288713774
"571",1.28380969946136,3.65579467930633
"572",1.17115802046104,4.23426857652543
"573",1.52355167123107,3.18101492772444
"574",4.85272153007295,-4.4866704738331
"575",0.822898445983312,3.6878478802179
"576",3.1770089976684,3.62284327429102
"577",0.225944960223086,0.385068163558055
"578",5.41066881122819,-3.58365289625976
"579",5.39357436477588,-3.69141030303595
"580",4.89789385977323,-4.8313200326128
"581",4.9414457312092,-0.65724078406206
"582",2.1204296938251,3.00659953267609
"583",3.18698811779595,4.55222542481946
"584",5.62034439177774,-6.31342784872162
"585",4.7537314593106,-1.41342166155288
"586",4.48455241295714,-7.2787927645835
"587",5.97734577367826,2.65197470061584
"588",5.27436826857492,0.795075817062986
"589",5.10573081708531,-8.05559780082345
"590",1.22670629998413,3.45966382020802
"591",5.31917390615528,-6.37479155347884
"592",2.17229573393385,7.39684565193715
"593",0.46928000216145,-2.31812967870132
"594",4.39975547245849,-5.79310233067138
"595",5.68266698995839,-1.46790913536482
"596",1.79576488721558,8.16564821792512
"597",0.629840925779824,-2.17654897383915
"598",3.86994709432722,-6.60797767023385
"599",2.09193265675197,5.11726457796352
"600",5.0818422645455,-1.34630729814008
"601",3.20094245886741,0.509135824333994
"602",1.0514623221519,9.03567966621634
"603",4.62639411039889,-4.06221431296798
"604",0.769915737097962,3.86619523769135
"605",2.05828187631904,8.56580822525379
"606",1.05029242363808,0.0445074764076363
"607",5.4231338490299,0.0847967135103915
"608",1.35632144306654,1.12999577112982
"609",3.56188349671042,-7.84670713328233
"610",0.108376565701832,3.30387779767283
"611",0.96535032363009,2.30723142089996
"612",0.634078363086096,5.14742375306262
"613",2.1452736635333,7.29694569179117
"614",0.064143422093853,2.18710217827721
"615",2.02108409154485,2.38010032891438
"616",3.51710295841554,-0.449735061499369
"617",5.13275792723865,-7.61384321959107
"618",6.12306483162193,-0.899119556993428
"619",1.53022539817859,1.38832255569941
"620",2.20307789293433,2.97709397503006
"621",1.53099362620122,4.38465247696919
"622",5.65371535986965,-2.79597466822951
"623",3.42575762062414,-3.00022326862406
"624",5.96656193596242,-7.64690131347708
"625",0.0720837844761038,-1.5476948068325
"626",4.72253748448205,-7.81375028277982
"627",4.06375218615007,-3.8488503562457
"628",3.25178319967405,-6.85038498370293
"629",2.0104311030737,6.38660318113081
"630",4.84579178368406,2.8539142093382
"631",5.82261054972938,1.21819831241179
"632",5.00293920593925,-3.37582216749955
"633",0.290199046217964,2.02819597012581
"634",4.11202522045857,1.32434976331343
"635",4.52245847829691,-4.69867794262087
"636",3.62859682406828,-0.018628962212091
"637",4.27688071272297,-10.1901584648254
"638",3.51634880512774,-3.30313292520471
"639",4.73845376985922,-9.31290995671807
"640",4.56016209771829,-3.46078245559334
"641",5.98557590355906,-7.38099044187542
"642",1.10969087386766,7.4782214842546
"643",3.57101922701025,-1.4890886333983
"644",2.39113782896838,2.1740446191556
"645",1.58711944968991,8.41033153911016
"646",1.39252957400053,8.30422278639691
"647",2.60508426865064,0.776747153886679
"648",0.258696243531211,-5.46545285009471
"649",3.15466377103716,1.54871407709896
"650",3.77748399495943,-7.81184873931685
"651",0.949439076542783,4.11184652498218
"652",1.08889019175576,3.5966285587216
"653",1.24342322725983,5.76175134959468
"654",5.95884085329691,-4.29084181301829
"655",5.13316420592179,-1.01411743067458
"656",2.54364455616,5.41454058461992
"657",1.20627447218507,5.20714014307273
"658",1.64742856788676,5.53438237213271
"659",1.47600396340962,2.64423054416862
"660",4.61692054988993,-9.44146833295055
"661",0.323740562762475,3.95094683381336
"662",1.50086958284247,1.82083873691305
"663",2.27371150427347,8.64115884241415
"664",2.57650608936333,3.66820876614301
"665",0.583290923699676,6.00484955409007
"666",0.248180792766193,-3.15844648092422
"667",4.64114960977896,-4.48607817966795
"668",2.23129746857578,1.19605125564391
"669",1.49596151170447,-3.08929566020477
"670",5.39034605274944,-9.11437067861864
"671",5.32808178842719,0.305163213125844
"672",5.99609906097652,0.0329878281896994
"673",4.38544722663405,-6.59813281202175
"674",2.28084967260112,2.84578590616573
"675",1.60514762408717,1.54324362167025
"676",4.90845128019502,-8.63053972568598
"677",5.90301721162959,-0.642979340959536
"678",4.04980614274996,-7.41009494610026
"679",3.61977637894705,-0.54625817893977
"680",4.60306020569382,-9.86314484164749
"681",0.865901256468692,6.5874030867999
"682",5.76400897731009,-0.546752326614477
"683",3.55334567565876,-1.16371834560613
"684",4.674651115514,-10.5595462871777
"685",3.52910050904168,2.11408969056413
"686",1.40798292772902,7.90374565052919
"687",1.9515556504462,2.4238832915615
"688",2.03755631358759,5.91378173403924
"689",2.33615990316852,5.04656898709301
"690",4.03705315000519,-4.97483446297419
"691",6.26997986166835,6.07603705017999
"692",4.33260520072871,-11.7540644699422
"693",0.25497832354492,1.73809487033842
"694",0.510281804039647,4.41726550072619
"695",1.24316811190182,0.479616298037401
"696",0.425322519132984,0.325440642901995
"697",0.723230337560824,1.84452281793641
"698",2.97771580816997,-1.72380698207022
"699",0.944578433208906,3.45375519443576
"700",5.34604351123361,-7.28939875436948
"701",3.90072630554777,-6.20517700675772
"702",3.9710395085692,-2.84568807614546
"703",0.741700279570902,2.74582805576607
"704",0.641312996231892,5.28205226645539
"705",0.414015651630853,0.621453492636624
"706",1.41472154094502,6.89211953037802
"707",3.26610665545776,3.63527656882716
"708",0.124558688163615,-0.0931271623400578
"709",3.48940443176929,-1.34345184169654
"710",0.551012803689273,0.692395670792423
"711",6.09412302210225,-2.52377759068346
"712",3.67962332328679,-0.913207150665649
"713",1.69775090465408,2.79830400253921
"714",4.50827655544862,-7.25766598648833
"715",3.465541013625,0.933449931430016
"716",5.40122881883747,0.245673517274028
"717",5.49149953650663,-3.85114131632749
"718",0.0785547816991121,-1.00723914933403
"719",1.05346564070673,5.98344768927654
"720",3.63938375439294,1.36240115780179
"721",1.94749420803654,1.36203672744942
"722",1.55731115964356,2.62634959404124
"723",3.75231033179245,-0.666387438832661
"724",4.0520183089527,-10.776523886884
"725",3.87495738247727,-9.04142631730524
"726",3.82570640937655,-4.38312680478197
"727",6.22237129938063,1.17833396625593
"728",2.46823609431774,1.34924584916987
"729",2.35081010463107,3.08680881299463
"730",1.39280905279622,2.24581443401574
"731",5.97559153155561,-0.402173393511527
"732",2.00448263385608,9.17858717106006
"733",0.664469027653546,3.112961024889
"734",0.0681985578636776,0.999125520216521
"735",0.388658651181432,3.51060278884013
"736",3.3800042944716,0.957764106164007
"737",4.14021025806709,2.414572955294
"738",0.0888278444934126,-4.09616194453447
"739",3.1125550697493,0.445387497109052
"740",6.22926785069539,5.73651763340429
"741",3.70681191911522,-4.29506964453269
"742",3.31284496142723,0.0263006995055176
"743",2.51067748073184,2.85569178948909
"744",2.69640006720018,-5.043188705734
"745",3.97378900897121,1.21531700091382
"746",0.0780123740999441,-0.106363846784348
"747",4.27436525288111,0.498703428415704
"748",0.573448947753301,2.02002591640936
"749",1.87125942715763,4.73043559335417
"750",0.300695934015474,2.34396837903442
"751",3.41815453546798,-2.03939121163587
"752",0.0849254783327697,-0.766924117221394
"753",1.10392794069836,9.86751737584896
"754",5.76886150291155,-1.06802485338374
"755",1.70969048715133,4.25959080311319
"756",2.83490018325737,4.36912168822306
"757",4.2287958126053,-1.68156933095398
"758",3.88422054610807,-3.15575700168329
"759",2.40151270062057,-2.77989537956466
"760",5.20121737020924,-5.84370378411918
"761",4.26622679676175,-10.9711841321202
"762",4.7917042512698,-6.80341740152878
"763",0.987526709034128,2.65926606965855
"764",0.628528113335916,-4.78711927172386
"765",1.37543323160638,4.19159692539057
"766",4.66963358006779,-0.694474524691228
"767",1.72215055834616,-1.00924451432247
"768",4.64652937983369,-5.63441058442971
"769",4.10917357911626,-4.79144755593265
"770",5.34824322946642,-5.22640442705979
"771",2.57722202245339,4.37914153112386
"772",1.6242071308607,10.0886220465887
"773",2.04437522491405,1.81442022178032
"774",4.63946777332372,-5.43937605716748
"775",5.23413606401068,-5.67338436168459
"776",0.0792118586690054,-1.39250524771814
"777",1.08906912858063,0.611193608652243
"778",0.175468683512126,-4.71997887391411
"779",4.58444271522918,-7.33222045513916
"780",4.13382669360601,-9.84879316568541
"781",3.08086506475053,-3.47833658187668
"782",0.287950681570266,2.21384015102185
"783",1.80903758453385,3.00691685153023
"784",1.26045778184597,7.90033430311732
"785",1.07518036281207,4.57665484316175
"786",2.71807292351592,1.24018457102371
"787",4.41004061017862,-5.6966851919823
"788",5.03206411428573,0.443339805229104
"789",1.34353275804647,8.65296715805391
"790",1.03924350955503,3.67419532404729
"791",4.74618699035604,-9.77115409655855
"792",5.79480463758153,-4.16930780811623
"793",5.84615515413666,-3.812621051909
"794",4.79265906571594,-5.33350986339025
"795",0.207471577429686,-0.884510051815954
"796",1.07252270294415,7.2404519949534
"797",5.31104911222786,-6.88406891830234
"798",5.0281816950131,-9.24509136260929
"799",1.79636600318019,4.68940452281481
"800",2.4307017155002,2.59746543177936
"801",4.25318462900025,-4.73860069652756
"802",5.7060740625112,2.02044436555672
"803",1.03275799872175,4.40268708391623
"804",0.966483479493437,-1.88214243162231
"805",2.62851653411569,-0.767726897415057
"806",5.06618661411625,-4.25707810790887
"807",1.25333924002728,-3.64222356260751
"808",5.50921301235543,-1.2758400504878
"809",3.14585009776372,-0.247614603099859
"810",0.0702185215004139,-0.687497285732349
"811",2.03459207582948,9.77431406389953
"812",3.42946212711456,-0.284638551170578
"813",4.32082127856676,-6.7880882142263
"814",5.71266111595128,-2.72206388227845
"815",3.11228405832344,5.02800356497351
"816",0.24302788034385,-1.41890394097197
"817",3.96763681378187,-4.74762853789136
"818",3.18240419858303,-0.635981579074773
"819",5.76785712918964,1.74983353766024
"820",5.40578970733107,-6.16957501469707
"821",4.75486432990492,-7.53612355945337
"822",4.04266348765256,-7.7878544808755
"823",4.74194879379528,-6.22614784876508
"824",4.39822153702106,-4.62178876127904
"825",3.97480422145317,-4.16154465853059
"826",2.08882580935074,3.88267633264807
"827",1.57867261629111,4.63826845907163
"828",2.83858104606579,-1.53707194531992
"829",4.80370506274034,-9.58272619246594
"830",5.62039176252806,-4.48143987766834
"831",4.53658746984327,-6.94889815757469
"832",1.69559208814785,6.72490279337557
"833",3.15382231079839,1.88229035440157
"834",3.07669057534629,-1.8331557442859
"835",0.163224806739798,5.58864932502689
"836",3.9396724485881,-2.93743048831614
"837",4.98481131173113,-4.036405847212
"838",4.98299661013009,-0.743106495466349
"839",0.927633489669707,5.78397157362348
"840",3.59481616284244,0.899453128457246
"841",1.37314822817539,2.99544329192466
"842",5.62307712421272,-3.49962295144533
"843",2.11995009807658,2.55087585200825
"844",4.57460047888339,-10.2582543587753
"845",1.71987741040328,9.20277491760896
"846",3.84049335564364,-7.65114795443203
"847",1.19703999052613,7.62511523643571
"848",2.37933331623447,3.25348040458512
"849",4.11839800760216,-3.36964686358721
"850",3.10362337848565,-1.6745596913622
"851",1.63860286942671,2.65915218494955
"852",5.85351362329786,-1.13683350379896
"853",3.37453601055848,-4.04529291931769
"854",3.09440979314855,-3.23323886447712
"855",3.96554256755382,-6.92585590059467
"856",5.5367753340139,-11.3318967692821
"857",2.89455127505049,-1.1790063487111
"858",1.52524738346429,4.35684166813938
"859",2.3270612666195,5.50089464602813
"860",5.49499440391046,-4.62548284445434
"861",5.75146471810563,0.322722540046433
"862",4.06368304571581,-0.332433783622194
"863",3.42729824452302,5.28881753483261
"864",5.67734908524632,-4.99670976743593
"865",0.959546832519962,2.37932814036914
"866",0.0692036308604308,0.129726632430393
"867",3.98483509962237,-8.11558623394461
"868",2.28095934903244,0.403463868632256
"869",0.188059460585672,2.33253528757668
"870",3.11090676922811,1.71275316958529
"871",1.91446929614211,2.59930223472335
"872",0.527860330084387,3.64608877842568
"873",2.9672775643695,3.46323678056678
"874",2.28610132029047,3.68916765578175
"875",1.9525771856601,3.43579190368607
"876",4.54889688680846,-5.86595022012692
"877",2.65450383135665,6.35442492204095
"878",3.98752395621832,-4.64969231852429
"879",3.04254050536166,0.823974499589062
"880",0.302586369422554,0.900140634541459
"881",0.0700325670575221,-4.13124838539298
"882",5.35878991645827,-6.51501495561572
"883",3.23059269231864,-5.40600303496442
"884",0.948122606803677,3.18368116961734
"885",1.02157949496649,7.76713103847653
"886",0.771618743440726,5.10350563214968
"887",1.27986081835747,4.46430571634166
"888",4.21619453763161,-2.01906802785586
"889",4.07846435682246,-6.79405952319359
"890",0.0268831151267942,-0.326638193254609
"891",1.08664853897621,-0.70791505476275
"892",0.602772050778242,3.67543369297983
"893",5.24574974785866,-9.63506826312673
"894",4.55628200594832,-5.75967029782304
"895",2.60193542672302,5.4806313951613
"896",3.59761144672866,-5.9844686600585
"897",2.1007831706914,5.57936536015679
"898",3.52484277959873,-1.47624309934306
"899",4.22886217349521,0.612516503737039
"900",1.9447336040863,6.45932455277932
"901",4.27056380173541,-1.36202212767016
"902",4.16939165553228,-5.89739912612632
"903",4.44591873897812,-8.64618854413047
"904",4.23204668575436,-4.5629458298064
"905",6.16918200598164,-2.54984115377545
"906",3.65608240982182,-5.21880066301005
"907",2.95681328940473,7.47434302520571
"908",3.87774159061071,-1.43636891619868
"909",0.897547932759787,5.19944348908612
"910",0.0992065109551011,1.17381266310785
"911",3.20616379343124,2.78323181970617
"912",4.27876333175875,-5.4291378013069
"913",1.31462023760966,4.60197340566925
"914",4.24777850886508,-6.68711291046275
"915",0.664456993689426,5.07789519941249
"916",2.85051281072883,0.73487656660288
"917",6.27840846125621,-2.29614636397182
"918",4.89673169278145,-3.96092748693871
"919",2.09184579745394,5.27451612003188
"920",1.96932440704338,10.3969186680273
"921",5.60450897358615,0.494687946439378
"922",3.56070157008414,-2.71942847316481
"923",1.83709144959279,7.34561462139229
"924",2.7370454481063,1.91367869419508
"925",1.00443322610414,2.64367823579442
"926",4.9691563430217,-3.7016523806677
"927",4.10332205601684,-5.35462109866299
"928",4.6684548967309,-8.31724253868547
"929",2.51975179773071,4.44699161196159
"930",5.75656009834867,1.81993693854005
"931",4.92080900710395,-6.83063316214755
"932",3.80954033366318,-1.15578921404871
"933",5.56466163789896,-0.535523614414342
"934",1.01688898461648,3.00129515420476
"935",5.57108443489709,-6.38111440192224
"936",1.59065477848198,7.81286831847664
"937",2.89450660484694,2.35417237499494
"938",0.0316050299392137,-0.597811896475892
"939",1.86262406896887,10.1771716996579
"940",0.498593224637684,2.74328755114667
"941",3.34249879950862,1.85795825651183
"942",5.94374434917549,-2.93596795205694
"943",4.20734509747405,-12.4040168028446
"944",4.43610767595368,-2.37027362518726
"945",1.01666374789732,2.78085275806486
"946",0.501064388783018,-0.244318555601773
"947",2.76039080014535,-2.18073725149032
"948",3.37123638273859,0.429358623561382
"949",4.95816541169672,-1.83798466149521
"950",3.20378500524802,1.96590547682236
"951",0.46950349947101,3.69537395899096
"952",1.52920731545135,3.59548588403108
"953",5.90344268233501,1.70616532575546
"954",4.43020736892506,-6.48815141881467
"955",2.19619433818379,5.73190519994858
"956",1.22441790843487,5.04654166900094
"957",4.75630560849996,-3.94563880676613
"958",6.16277812890302,-4.25805869881118
"959",0.487364782710865,3.33938488369453
"960",2.40516551051191,2.37482052562666
"961",2.60262230918586,4.1496325786604
"962",3.34700066949814,2.31730657165182
"963",0.923159126928825,2.50714416279333
"964",3.61087143275173,-0.32885759931348
"965",5.41453705775047,-5.54197924219911
"966",1.28949601083334,4.82660922798911
"967",1.01918503161605,4.64628330165198
"968",0.508968400576835,5.56629896736844
"969",4.37027701923687,-2.59286976105064
"970",0.616069089590425,0.457761604384537
"971",3.38137306353204,-1.03876274586608
"972",4.21683211682935,-8.69841557410669
"973",1.22280101969068,3.60172436231999
"974",3.091710304064,0.67048642509328
"975",1.58471894009905,3.36325633354198
"976",1.47098322856157,8.51306534931984
"977",5.15978446539101,-5.68561371344204
"978",3.83066963837781,-9.52823702103268
"979",2.98263817494344,-0.0247841629223644
"980",0.878327992149256,5.30931370219208
"981",0.691165216959844,0.438103371993447
"982",0.827337916665085,3.92283267526221
"983",6.02763914320469,1.4444526104118
"984",0.956092773215956,0.829565738072151
"985",1.47106149614173,7.1119611002639
"986",1.61578325796115,3.40581004599541
"987",5.8782505264206,-4.53660555329988
"988",3.15001322322032,-5.50307232364095
"989",5.51362444036054,0.476893054950591
"990",1.64632237799237,6.40823315384239
"991",1.27548540739547,3.73600794307574
"992",2.21578697911878,10.2628490734576
"993",4.40871364107645,-3.87282156826655
"994",5.8446127922911,0.711376897851318
"995",4.63599550068962,-1.2260856840274
"996",4.36229777980667,-7.81027945044656
"997",3.20646980370922,0.63991742182509
"998",0.273245914726275,0.879352110844636
"999",1.84142340457324,3.9011796353971
"1000",1.56935351359879,-0.407261595552876
"1001",2.90162458197926,2.04612982075356
"1002",5.7820543424577,-7.08664794370092
"1003",4.95580540006705,-3.20326084492422
"1004",1.04375160864974,1.99742929235172
"1005",4.82710134188356,-10.3808612544246
"1006",1.68098589126112,4.30359675570006
"1007",2.14337272437441,2.61182725271367
"1008",5.73151695088106,-2.05181843205077
"1009",6.0850480189948,6.22884610074576
"1010",0.363356251223484,7.56273011322073
"1011",4.35813614067484,-11.3156408167358
"1012",2.89221497732288,0.432781519755801
"1013",1.73031229973259,2.50127089533723
"1014",2.63875519346552,3.82387156582658
"1015",6.10590316554679,-6.04311548919919
"1016",0.39879158105292,0.624965449576904
"1017",6.19434036848842,3.2578434792834
"1018",2.18524636544821,7.32850926275084
"1019",1.88457777190872,0.723112625527317
"1020",3.68176149509309,-2.73941805275134
"1021",3.0743830605319,0.504351059671379
"1022",4.51574346194953,-3.74397478320594
"1023",5.82698262962691,-8.47197621688389
"1024",1.79163331836487,6.82920773565548
"1025",0.789906261029238,-1.26424408047047
"1026",5.19079741142184,-8.67372399503219
"1027",3.820611627467,-1.24964836751641
"1028",3.43543876774563,0.02797986407576
"1029",4.50499760451286,-9.52341747589004
"1030",4.72448427003062,-8.92981469190064
"1031",0.360439545136682,-1.08435364425448
"1032",3.08712147676092,-0.270121745709962
"1033",5.08023079152403,-3.55659328202946
"1034",4.5352876320198,-8.60982316474692
"1035",3.49179588736016,-2.61285958470499
"1036",0.710884292052758,5.2773937013926
"1037",4.5439133481155,-8.12500891579542
"1038",0.581297169703247,4.34630041853311
"1039",2.80697572939464,0.579016589384559
"1040",5.21156521883867,-2.81301995792479
"1041",5.10429609967786,-8.78308927656567
"1042",5.05863450872931,-4.72000857598128
"1043",2.42485755087872,-1.82428569529766
"1044",5.37593982213497,-3.39663849768011
"1045",4.49011248620222,-7.22529479835633
"1046",2.28048365342353,4.94877472353594
"1047",1.47395726933374,5.27731869476289
"1048",2.81474378197092,2.60937444783181
"1049",3.62104305241766,-1.46962439652854
"1050",4.88481828627739,-3.41373601444318
"1051",4.81664623941515,-0.268392022616421
"1052",1.95210007248356,5.28107011312641
"1053",4.37366255399513,-5.57994410804071
"1054",5.44892308471794,-3.21301963158398
"1055",3.79880038495263,-4.2798739801536
"1056",5.82898841905038,-3.66359839816057
"1057",1.72124759264259,-4.73818101015645
"1058",4.63166948661949,-3.89419887344633
"1059",2.09732014223666,3.67301180480003
"1060",6.06557944960503,-3.08535416059209
"1061",2.95663261024443,1.03726956324746
"1062",2.35228210743161,4.86399858087285
"1063",4.02866143204503,-6.09713892279798
"1064",5.81046201132828,-3.53301270671159
"1065",4.58238984617609,-6.92967692374425
"1066",0.179916125634513,-1.77464138105843
"1067",0.971604346695254,0.7550837357039
"1068",3.76084835911556,-4.24238797740646
"1069",0.213130279148754,1.57172974714596
"1070",3.00139279788591,3.17547047038272
"1071",4.92436075129978,-3.63640755371233
"1072",0.381120861910825,0.0615744128339428
"1073",5.9461625673897,2.25286571950409
"1074",3.30039545250093,0.874667301954731
"1075",5.81437336419468,-3.12470107310382
"1076",4.72032500960359,-4.86052380120916
"1077",5.48487448376945,-1.3063453933695
"1078",3.63331511230678,-4.32479112573998
"1079",5.62794688884083,-1.63941154206586
"1080",3.72350363884949,-4.63229746781241
"1081",2.60261182737782,2.78654121219637
"1082",0.515453346723729,3.71843160332457
"1083",2.66371506432147,2.44539750187586
"1084",3.92502238171401,1.81861672477137
"1085",0.237204860740282,-0.650453789638624
"1086",5.05007617464035,-6.52851560655038
"1087",5.79795145921928,-3.38454579555623
"1088",2.39935768623843,5.81621853723244
"1089",2.0707598404649,3.15711079308694
"1090",0.00854361420725357,-0.542910060580631
"1091",2.57894756651208,2.33363169335605
"1092",3.44863807046386,-3.40745343987003
"1093",3.58120061750604,1.6312036066133
"1094",0.0571526573918715,5.54853329635644
"1095",5.87186306620867,-3.84054178938312
"1096",1.31601893358525,1.76594604269736
"1097",0.502346131772758,3.5396316671712
"1098",1.23241021026061,6.08612156194306
"1099",3.1642182382305,-2.22156029502034
"1100",5.47396480876626,-1.40658750597522
"1101",1.83005933404838,6.05946913561343
"1102",4.77429309914543,0.762475393815096
"1103",1.61371719777574,14.2755804299893
"1104",5.01248305673609,-5.01088779810114
"1105",0.306456298300625,1.86501562158711
"1106",2.28193035944464,3.93193707831931
"1107",5.32365478619621,-6.68389287799037
"1108",3.62183723406994,-1.99743336017264
"1109",3.52013789607859,-0.680236502539623
"1110",4.04215870338055,-7.17617471089179
"1111",3.7472525280632,-3.4331621015892
"1112",0.843958177239936,-3.81078397798969
"1113",4.55939752991668,-6.10076105775641
"1114",5.16352166956343,-3.57947560281442
"1115",3.72235762101039,-2.07957838800653
"1116",2.53114440539855,2.04032304698642
"1117",6.10148564009913,1.82981889386806
"1118",4.49060152801278,-8.87799821157121
"1119",1.42015448368318,7.30797190900288
"1120",4.37269925169829,-1.97967839540344
"1121",2.5389489972797,3.85428333041811
"1122",1.58441490329756,8.34396765505718
"1123",1.27784773189862,4.13291246067762
"1124",2.20777209422666,1.70572537699981
"1125",1.68996758213888,6.95229009039453
"1126",1.33162199503538,7.23434561826027
"1127",5.00102067519046,-4.14392105009881
"1128",1.68760689317814,8.64455405277773
"1129",1.68253155783862,7.01083200271794
"1130",0.283479250517214,1.08253226871753
"1131",3.44327110094232,1.30248163621114
"1132",4.93819628879403,-6.48307870244923
"1133",2.94742208972071,5.98835957002417
"1134",2.62395859047619,1.01256167413489
"1135",1.86288900782178,2.09535432576948
"1136",0.346599351174194,-0.0292653075785798
"1137",3.04483076944607,0.426943671246268
"1138",5.94203972484533,0.535366454722103
"1139",1.50280841743129,3.49689278547371
"1140",1.34512473329577,5.56438591392675
"1141",2.72642517340923,4.57341081946536
"1142",5.70301031852826,-2.23657957189497
"1143",1.54437528165803,0.61895559091264
"1144",5.65791203588948,-5.19087764476272
"1145",1.0208361365512,1.6106806689272
"1146",2.48749755693211,4.17410168334528
"1147",2.45794838186179,6.04913439630136
"1148",4.10717693731955,-8.69038034051943
"1149",4.72998460794178,-1.33508989516187
"1150",0.727293741743632,2.36521179496917
"1151",2.25875315667254,5.56014512570559
"1152",4.42090291882023,-7.53815181390212
"1153",5.07606226936264,-3.56456768863636
"1154",5.88339092650461,-2.00992083388475
"1155",3.58621362814662,-1.47717483373729
"1156",5.08517098249139,-7.42391472245633
"1157",0.636547998482038,2.18466841542643
"1158",1.78467367431919,8.29051804958491
"1159",2.89228654034949,-1.24366251035291
"1160",0.809491748294826,6.74842823878028
"1161",3.12310062883131,0.886247541774468
"1162",3.74592614705411,0.623921469317269
"1163",1.08131397309013,9.07956784981447
"1164",1.15780926456892,4.50586101590085
"1165",3.51579542856881,-2.8660090832322
"1166",0.631214332290575,3.42860274000634
"1167",5.59715925706381,-3.70023024952612
"1168",1.69414416497889,6.5441292951471
"1169",0.64746545035773,2.58133368791287
"1170",0.0354394932942894,0.101815410650782
"1171",0.50532426432679,5.0331687723643
"1172",4.96751915482624,-6.04611166121213
"1173",3.5076499694606,1.13501479723571
"1174",4.082959851415,-5.86414989807895
"1175",1.31287220411133,2.83358312556553
"1176",5.55808452791307,-0.813263954973895
"1177",2.8972028740488,5.15121741760482
"1178",0.188904064635392,5.28477422677769
"1179",5.25942193153142,-1.03393449734594
"1180",3.12352191705394,0.940319404477859
"1181",3.76790702516019,-3.36704901018532
"1182",4.12038818037513,-2.69486860147881
"1183",4.31787841257887,-12.0783740318694
"1184",3.02981665687087,3.05866595131537
"1185",5.48305061113497,-7.52243157160186
"1186",1.89597471566574,0.823581036896902
"1187",2.792437979519,0.010214772658337
"1188",5.86241235355427,-1.28119525401635
"1189",5.0462959197147,-4.64414302492975
"1190",5.66560818019049,-5.95215202239518
"1191",4.39231774971034,-6.02193161900135
"1192",5.35473650693178,-6.87546356432601
"1193",4.98837276824008,-4.97470753284266
"1194",3.83355012553881,-5.282655982377
"1195",3.93022064752265,-3.46590774163989
"1196",0.942699600205113,3.11049841610854
"1197",4.60450462224814,-4.97800660791875
"1198",2.73312025603487,3.3773259452668
"1199",5.61092348169044,-4.13113911727317
"1200",3.61802811869642,4.11679375654448
"1201",3.55630895520553,-2.73098863748883
"1202",1.51002613924409,5.19412732891444
"1203",2.13713626510371,8.34609919237338
"1204",0.491926581139509,-1.6268011500489
"1205",6.10329896363133,-1.22761992931865
"1206",0.278991383579543,-1.79083872705175
"1207",2.76265850749589,0.118567715705809
"1208",4.7082750206789,-6.04995961762111
"1209",3.13527747469724,0.865970885880819
"1210",3.41833167875528,-1.2448593788042
"1211",0.448890111834961,-3.33998296836603
"1212",2.21640565595201,7.27982754598235
"1213",4.04985166290891,-9.55090078295487
"1214",2.88957014432069,-1.55412991123349
"1215",1.72078828317908,1.84322502187862
"1216",5.08291562216944,-8.7073596163468
"1217",6.26583722145361,0.575558604690587
"1218",3.94272919835971,-1.34908990492084
"1219",1.34008657655632,6.0424777287357
"1220",1.43179176732561,8.82528267156252
"1221",2.28811201195242,6.7844806010021
"1222",0.253918742220534,3.93843208762228
"1223",3.66367764788541,-6.12871057866113
"1224",3.06076759126724,1.09663797801858
"1225",5.34781222161607,-3.3686406709294
"1226",5.36112093158869,-7.83710518204951
"1227",6.15468908869346,-2.10023500262564
"1228",1.26396636556971,9.72687449179456
"1229",2.8301303695812,1.30182077212032
"1230",5.52720168211287,-7.63360693428008
"1231",4.87744839318891,-4.79045453717505
"1232",4.56889387683765,-4.31541554789287
"1233",6.12921603495281,-4.02207528429236
"1234",5.01850582171128,-3.51517498271534
"1235",3.87918690685965,-3.50501717530614
"1236",1.96119164460118,4.98091440298453
"1237",4.13557068945043,-3.20906543620169
"1238",2.62293435910427,4.36950836839092
"1239",1.48586618614221,6.44088909457837
"1240",0.137759213881354,5.59157902667898
"1241",5.58513834656178,-3.79135453175097
"1242",0.944749126490395,9.15323584101835
"1243",3.33837894863172,-2.6144914275032
"1244",2.63605521284049,3.76806864091972
"1245",5.6622038132878,-0.682467859250375
"1246",3.65049706320401,-7.35236180325648
"1247",3.69649779659919,-6.00204518459382
"1248",2.50096507105099,3.34968902519095
"1249",5.79776835454081,-3.09825913862048
"1250",0.710842407245231,0.452958672873044
"1251",2.24098223349369,1.48799545736258
"1252",1.66454016997939,2.95541526769063
"1253",6.16155774362336,1.94634709182296
"1254",5.8977029393431,-3.017355596933
"1255",3.90458113272251,-3.04919827853263
"1256",4.67648826998171,-1.45779178551751
"1257",2.09237860392175,6.9220051919775
"1258",3.64659605755718,0.540319115636112
"1259",2.63149881696831,5.82488935688045
"1260",5.29157798419437,-2.15143822880766
"1261",5.87761134386465,0.764820780790115
"1262",5.08182169152855,-1.39258416096682
"1263",4.35340179837333,-2.24789122516568
"1264",3.7883867020838,-2.01099410588908
"1265",1.11792233939267,2.13766067714134
"1266",1.78800978000138,9.15727167073553
"1267",3.00791414582337,0.428096089882236
"1268",4.43907621469095,-0.28491592528034
"1269",2.74648799914074,5.01119228424562
"1270",4.45472629286524,-2.58839813350611
"1271",1.92765685162816,12.1625950695868
"1272",1.09617754993205,13.133559024935
"1273",4.34135155928965,-4.30331207489828
"1274",4.12715279403416,-4.51655133332321
"1275",3.14122454829102,0.0785259785455273
"1276",0.19663213566057,3.82628012586063
"1277",1.21115274660763,7.70917006179241
"1278",0.369102821654066,-0.545891097135567
"1279",2.15658148778385,4.6074595753442
"1280",3.06288467072067,2.00098838587827
"1281",3.13021917211292,1.68009383789387
"1282",1.63113337648663,6.57265379947444
"1283",0.876487434934089,6.76754575551086
"1284",0.328707727013375,-3.88114332391735
"1285",4.095296076354,-4.074730919867
"1286",2.14630343497598,10.3181716210068
"1287",4.31560505104995,-6.43555470089013
"1288",3.09730687857808,-0.17600686118795
"1289",2.20120042044435,-0.979770489934076
"1290",2.75548257832678,-4.75341967887604
"1291",4.99471674174919,-10.3708413080431
"1292",6.06802035767864,3.9904518252522
"1293",0.085163173262289,-1.12453276780229
"1294",4.70205333834371,-3.95904877582565
"1295",3.08256540711948,-1.49016020370919
"1296",0.424364947086264,0.504177688336762
"1297",5.15849027589426,0.517603346822872
"1298",0.742449706170385,1.26902436833348
"1299",0.455057000573487,1.01046586188753
"1300",1.94703527746881,3.97058384175334
"1301",0.877782333946116,7.95951700397811
"1302",1.95846431618557,5.50922267157086
"1303",5.4788098808001,-9.30431399946741
"1304",3.92736996292876,-3.23133476460665
"1305",2.69195647986693,-0.426594290074389
"1306",1.15415416082204,3.58906104006556
"1307",5.36180845773549,-3.64627382717199
"1308",3.45688593530053,-0.627252564942264
"1309",4.20953048935011,-3.45253560794267
"1310",1.39548993063698,2.82346746684049
"1311",6.10311682155295,1.21664106699275
"1312",5.55426559635924,-5.12799942950605
"1313",1.49066198563222,5.00605778648395
"1314",3.14685820192673,5.03911960632553
"1315",3.02370369275567,0.24059156943003
"1316",4.41703672038326,-0.71793457818216
"1317",0.19765372353952,0.455593053689496
"1318",3.30053400839805,3.17715288065431
"1319",6.2500550447026,3.54735760812432
"1320",1.39360191050765,5.83956739060134
"1321",2.04317774600567,2.27395717056305
"1322",2.39022734094004,4.89565823113182
"1323",2.6525685867688,3.88516181895291
"1324",5.20053209403045,-6.36697799239149
"1325",4.23797640913971,-4.73570448019813
"1326",2.69285728776634,0.431663450688621
"1327",0.993485110002587,1.83615513821948
"1328",3.87691552758473,-2.66739736564561
"1329",3.06626469759235,0.748821065777171
"1330",3.85434568012284,-4.81027115513335
"1331",0.879097969821917,3.18439741397782
"1332",3.22147115817585,1.94013190138509
"1333",3.68288217519105,-1.68737549106379
"1334",1.34525711860444,10.449184127382
"1335",5.65321419485697,-4.69752668023417
"1336",1.99251926577378,8.46084424579502
"1337",4.71167932760195,-7.63624872330241
"1338",1.88498541695734,6.71496479658203
"1339",1.85402950863951,5.62345288286514
"1340",5.51201255187034,-3.04845047560531
"1341",4.83092205673453,-8.54778945626549
"1342",3.44225365165862,-4.44413237555098
"1343",5.13208339911899,-4.22443905561976
"1344",4.43489680695612,3.92807317047045
"1345",3.67987252260408,-2.46008547337922
"1346",3.70564878952335,4.98366846310727
"1347",1.22401115869211,1.05099083384977
"1348",1.72728761273653,2.10021322275239
"1349",2.19827859560719,4.32177066623894
"1350",2.18119498352617,6.2011516834804
"1351",0.610701426645718,4.88747829559868
"1352",1.40114605908314,8.72487945594517
"1353",3.27067703682677,-4.97869714454064
"1354",3.27424584888783,3.58493246063025
"1355",3.1905645838444,-4.99986314075155
"1356",5.31261313842726,-3.38877356595763
"1357",4.11199109643145,-2.77485514022858
"1358",2.35488172602473,6.38307064445862
"1359",3.81899861545572,-3.89728369293657
"1360",2.80505727471758,1.90711332038249
"1361",1.36597989301403,8.51082353580719
"1362",1.95203310155681,5.15304397745306
"1363",2.18223334229799,10.9220782169707
"1364",3.36131969117716,2.89599184400977
"1365",3.61792084730243,-1.36454357117352
"1366",0.90208931177788,1.9939571672907
"1367",6.10331520348493,-3.106181799577
"1368",4.78467402435263,-0.853499218531429
"1369",0.623621388082543,4.44072345231841
"1370",3.04638699244043,1.1059396560853
"1371",3.59131411689959,1.96208815968151
"1372",0.0641675851117683,0.490369406644821
"1373",0.556486447734232,0.398244918362302
"1374",1.78817842373464,3.76906473251456
"1375",4.63833734872842,-4.39061960252235
"1376",0.845302606269373,1.81542456505054
"1377",1.11830644170064,5.11061920780213
"1378",3.99063239527443,0.101275852500026
"1379",5.049867566911,-9.36434810409574
"1380",5.87590629089949,-3.93834004996619
"1381",0.447433386287923,1.17232035960103
"1382",3.00386446234923,1.6279279506401
"1383",0.933735977828548,2.7933202284415
"1384",1.98811493292135,7.37095728387401
"1385",2.08401216518599,7.42469511330744
"1386",5.86436965602091,-3.54358746385239
"1387",5.1259766670348,-3.61285671402971
"1388",2.80494058066824,2.85876270321735
"1389",5.42753989203357,-6.19283177586499
"1390",5.54510525392564,-4.29674992143352
"1391",0.591560141288637,5.5073910011969
"1392",1.87132648147071,8.55112799094402
"1393",0.174743888064343,4.01369534851655
"1394",2.08418696048978,1.87295400345625
"1395",4.56916368281901,-10.3062536458419
"1396",2.74402076293045,3.44667226389635
"1397",1.29351322337779,3.56819347100964
"1398",5.81771934603683,-3.64426651073784
"1399",2.67990687861553,3.08114314144118
"1400",5.2856849800528,-3.39529198415747
"1401",5.66100322714143,-7.50772681891162
"1402",3.87392922755906,-8.46889277324459
"1403",2.95382307899904,2.00567853169086
"1404",6.0224041610781,2.68404392284275
"1405",0.621109088143737,1.15392034220574
"1406",1.02800859567863,-0.159280886145607
"1407",2.86783023515478,3.9404567398622
"1408",1.86803026371287,3.66667355786076
"1409",5.01049085343283,-6.15011382609266
"1410",4.36418443649635,-8.79227481938989
"1411",3.39701998472911,-1.04336993193788
"1412",2.90736603804823,-0.834699023253166
"1413",2.13998032853036,5.30230367959555
"1414",3.71016661263453,-4.08320175393091
"1415",0.491653817137793,2.82197065443547
"1416",1.66355239745184,7.41392045635984
"1417",2.19833303664059,4.27168072920865
"1418",2.53300830054583,0.728806233018586
"1419",2.08537457494154,3.04301735179957
"1420",3.93327116233741,-8.48959651371529
"1421",0.772721448664254,5.01056970940609
"1422",6.14572070159271,-1.63733979440984
"1423",4.21100666439301,-3.22229611176438
"1424",3.70977962691502,-3.47636326347316
"1425",2.49480870508221,7.05774695086139
"1426",3.39555156168911,-1.92203879841151
"1427",4.693870422681,-2.68795371678488
"1428",5.52478236085843,-4.65628087469029
"1429",4.37695839432011,0.625202004875306
"1430",5.83556455473282,2.46567662711384
"1431",5.70399770923418,-7.92697919621463
"1432",2.04866900065847,9.88837339148788
"1433",3.5523535816712,-1.37613572652434
"1434",1.1849584493843,2.83144141684537
"1435",2.2647793580423,4.17505368517344
"1436",5.47027800212168,-2.28118574177112
"1437",4.04427249711998,-7.64390174232904
"1438",3.32915867044441,-3.00920217225337
"1439",1.58442656275465,5.0556889873399
"1440",4.23308293938705,-4.55888939531156
"1441",4.525004899337,-7.5308357981272
"1442",2.74084066575806,-0.0734711682009355
"1443",5.25875653055765,-7.67363085488968
"1444",5.03545091007937,-5.93761020255092
"1445",4.28968110986517,-3.65154760076687
"1446",3.07907947375636,0.943529491173746
"1447",2.24305366258845,7.3739222149667
"1448",4.13918666452745,-0.260500763871888
"1449",1.36950791453029,0.19364643917601
"1450",2.77834932208701,2.03696811501585
"1451",2.11238570271486,4.1713176146343
"1452",4.49260462859282,-3.30840761268133
"1453",6.21878277888721,6.33101406661414
"1454",2.80102092720465,1.22433114514472
"1455",4.31722052954111,-3.62953891219888
"1456",3.27849408691829,-1.86940597336195
"1457",3.99770080874222,-4.89964399277558
"1458",4.45500220945541,-5.0054146525983
"1459",5.0725573751183,-8.21931606003343
"1460",4.20147635875467,-0.136571183550237
"1461",4.66690526710832,-7.56986168478027
"1462",0.694371816356151,-0.749587451954381
"1463",4.86678843245018,-6.71735118990125
"1464",2.57355844987374,3.19100221698141
"1465",3.88326291408171,-3.66233003510787
"1466",5.66453182651033,-2.7501919221042
"1467",1.92041126707762,6.24766777854095
"1468",0.212439869590425,-1.58783683385101
"1469",2.9443183027441,-2.65220008456636
"1470",5.08172006553542,-10.2279453042015
"1471",4.77247567505385,-5.80144827020511
"1472",0.555692084680108,2.87651656424391
"1473",3.18617591591876,-3.13534941861254
"1474",2.66594605242823,3.2445325018373
"1475",0.0888498614105056,-1.85438581079773
"1476",1.90254816981935,4.94168322272678
"1477",4.12703728202262,-3.15404101178099
"1478",0.317243045760525,6.42048260682675
"1479",5.14716790731216,-3.81188400974844
"1480",2.11228450389381,6.3115417607469
"1481",0.276917052055308,-1.94188978523692
"1482",4.62135294736279,-8.21605313902978
"1483",3.13694693779137,1.55335873738545
"1484",3.51825941563805,-0.890717605074769
"1485",6.14761342500366,2.29782537859614
"1486",1.92125603204833,5.67949423880209
"1487",0.826127368046591,3.28978580271663
"1488",1.99784237262254,8.93249804321664
"1489",0.859984141974266,4.1360152935506
"1490",1.27015076104889,2.86222109729005
"1491",1.30189454437917,8.57703548518608
"1492",4.13601493963524,-7.29785497193902
"1493",0.382786525806697,4.64631109225119
"1494",0.506300631944992,-0.612521893240264
"1495",6.07958289791057,0.758955182250353
"1496",4.24092145633846,-6.60355680111791
"1497",3.38096409893131,-5.77756230698263
"1498",0.895147363189285,6.97671503480464
"1499",5.94938733915438,-0.955680780593013
"1500",3.64569127490935,-0.628903236534728
"1501",2.61767804616916,2.94877722858077
"1502",4.60875369706773,-10.1691219606263
"1503",0.95635571372277,10.2042484810685
"1504",2.94777651234669,2.16900081635688
"1505",4.61306224535892,-1.69943405257225
"1506",3.66970551259302,-3.94012747868358
"1507",5.26446465550111,-0.242064814233562
"1508",0.0656371419132791,-1.08553765217594
"1509",2.51649952018029,-1.34594150537063
"1510",1.13112602940221,8.18429041806487
"1511",2.98854019504913,-2.62447920999699
"1512",0.358211573567009,3.99073239065189
"1513",1.08001896143341,3.30774341559718
"1514",4.67100855336381,-2.88186122117149
"1515",4.52429323796773,-5.84280990645867
"1516",2.06408863558816,7.45078369595552
"1517",2.97175018477495,-0.731800498809355
"1518",0.951721028326663,1.5192905354958
"1519",0.782548748616457,2.92637550685782
"1520",4.51309007380241,-5.49491456585587
"1521",5.46724324293464,-3.21672047402514
"1522",3.79197939043083,-6.77867317747523
"1523",3.35857636575236,-1.14846852141292
"1524",2.1790654063636,5.95015847706726
"1525",1.16998497521043,4.56034809939473
"1526",3.01224416243737,5.45329226699989
"1527",1.04966404619506,6.37113223019187
"1528",5.48469161462078,-3.41148064708167
"1529",4.8008864087378,-2.87598062022961
"1530",1.35558965487033,3.07054880386191
"1531",0.215532648108493,-5.54809181199545
"1532",4.56300963411247,-0.309828142207167
"1533",4.66537870477802,-7.95840355292792
"1534",5.08442452122685,-6.45651207244412
"1535",4.24320741359204,-4.20463174949153
"1536",4.2478483983134,-1.59769989271737
"1537",4.24680149317417,-1.58723677887713
"1538",2.40760384677554,2.43930830126512
"1539",2.82695115162258,1.93807129598555
"1540",2.93942485347229,2.45153686498443
"1541",5.00091074567431,-7.57386863975428
"1542",4.47474386176304,-0.877736413181412
"1543",1.47270364655532,3.50858853502403
"1544",4.34131067365517,-0.691505052601119
"1545",4.35799481401087,-7.05049321203536
"1546",2.96382703508682,-4.68022079439274
"1547",3.17743652669955,-2.3545437021263
"1548",2.42892333961799,3.10384719649741
"1549",1.26323396294792,13.6397826611556
"1550",1.2113557074732,3.51405521608802
"1551",3.78528684596806,-5.16665046034386
"1552",0.419440198682154,-6.18067984437517
"1553",4.35529898807318,-6.96478113750871
"1554",3.1089321458114,0.586101128062671
"1555",3.70569901735269,-0.487212702470929
"1556",2.94622711093933,-1.0897472639085
"1557",1.58456847312293,10.4774597832818
"1558",3.39969928261834,-1.64603953375352
"1559",1.33302954166535,4.99557269250338
"1560",5.1357551172265,-1.27268023809483
"1561",0.0519760310674637,-3.98773805440329
"1562",2.1311081663292,11.0146370554667
"1563",2.6375436471369,1.95256023920588
"1564",0.581046429933215,1.85016021550925
"1565",3.25588645667117,-3.17420325562289
"1566",5.62609388365572,-0.456139520163164
"1567",1.41939720560237,5.69713739599717
"1568",4.7964045836518,-6.71612682385629
"1569",4.5040971403992,-8.27835287514405
"1570",5.72874678822409,-0.589057879994963
"1571",5.48824165744289,-0.963374939498951
"1572",1.68299708762981,2.51425355654333
"1573",5.29702907735713,-0.228433611224682
"1574",4.39292149600165,-2.61258983230153
"1575",1.27662491671203,9.18831198396144
"1576",5.60223397358898,-1.7666510347846
"1577",6.19087097341419,0.625233190019464
"1578",5.89124484798339,-3.98578716855409
"1579",4.83234383609449,-5.22758130672351
"1580",5.85874496714719,-0.650106006666194
"1581",2.25523169195511,1.62902280457357
"1582",0.631847954294903,3.96719678533373
"1583",2.84489100087788,2.24024935925773
"1584",0.510439878189784,-2.29451163626095
"1585",5.1766089464039,-2.87438377946334
"1586",0.146811919191438,-2.31547024272699
"1587",3.59208024270895,-0.844821963917338
"1588",0.373550941107524,-1.6495555341158
"1589",2.42338852511647,1.43779380340889
"1590",2.07957047964625,5.78756093402791
"1591",2.25721566634418,2.86028487860371
"1592",5.97209908381828,3.23660350262013
"1593",4.06680711897743,-3.46888912863236
"1594",5.84382540296745,-2.21349822164803
"1595",5.26077504444257,-9.95187721627626
"1596",2.64423228999715,0.831072299748445
"1597",0.896301201788437,4.29167503512219
"1598",1.72939327704018,1.26775667766916
"1599",2.286565915277,3.49583881781225
"1600",4.58311392625693,-6.52185895788154
"1601",4.2594857609534,-1.8330774466471
"1602",3.84091230027151,2.72300666884633
"1603",0.294237212138069,-0.925606394739052
"1604",0.444480475904496,3.20910023300688
"1605",4.47072056640521,-4.79119931371676
"1606",0.185152022084903,0.6102797463463
"1607",2.18607152731665,9.04560317898501
"1608",1.57271422117432,6.13568154451436
"1609",2.01308725028432,8.01771876712463
"1610",1.09913859560292,-0.346386334547416
"1611",2.57727574226818,9.48961235306749
"1612",1.12686605730585,2.2739696047167
"1613",1.53695743850366,2.02162981551427
"1614",2.42468122243679,5.53683093134724
"1615",2.26718630447271,4.52862949438605
"1616",1.21984444908622,8.89660340456612
"1617",2.65193750146442,3.96962471302052
"1618",0.23532364318002,4.54341285858334
"1619",5.46372788151144,-3.9582005984427
"1620",3.25265564744357,0.132642897766222
"1621",5.26863286313512,-5.09071481104215
"1622",0.201272742949062,3.7308788932735
"1623",2.68478644040601,0.559414335969725
"1624",5.42729663216367,-3.21430329724663
"1625",4.53109148265048,-2.15092888076676
"1626",0.825089157029506,9.6245137988098
"1627",1.21659081833658,2.74784158974875
"1628",4.77353399387993,-6.771772762396
"1629",3.70714856289779,-2.11585920214696
"1630",2.78600497720435,5.22037475055771
"1631",3.73232792120485,2.53113430607579
"1632",0.787918804895141,3.78699555507355
"1633",4.74407639894429,-3.35074694186673
"1634",0.626426254082184,4.30042018917549
"1635",2.46358814171757,5.22677996340712
"1636",3.76585664453075,-6.28985173025716
"1637",1.77071596561031,4.50807485440561
"1638",5.60209035892114,-9.38089667407879
"1639",1.62285030067471,1.46077779291552
"1640",6.00332471619407,-3.20919586422658
"1641",3.96601731958058,-3.08512775284422
"1642",2.05406764089351,5.17328615029432
"1643",4.95158170541321,-9.73180320461928
"1644",2.1042830442009,6.82753992548411
"1645",5.9552289977972,-3.60077401558835
"1646",3.97324022597505,-2.10220933407663
"1647",1.7927120800082,3.12561625467373
"1648",3.86504944794345,-1.83734355622512
"1649",2.1427168031098,2.39043584153719
"1650",1.86557444118943,3.71379676395791
"1651",5.13104477702192,-5.96580734794167
"1652",5.18312391455561,1.22629244855672
"1653",4.30865533144052,-10.0655442945381
"1654",2.26145146225637,10.6694308402385
"1655",1.73318471597455,4.59449911043192
"1656",4.08118772365591,-6.12956131435424
"1657",2.9656150706171,-3.1102037187356
"1658",0.0526292839694977,1.44023036350397
"1659",0.762745413830931,2.12922783448198
"1660",3.42424456980521,4.3212801841339
"1661",0.08439496133175,-2.72746620613421
"1662",3.08875106070821,4.74492276648098
"1663",1.04386177076986,5.23270711908444
"1664",4.8350701053574,-2.08832501097786
"1665",0.906239149549566,6.29342292217278
"1666",5.80968518866192,-1.82330093725729
"1667",4.18161691374622,-5.58215525907862
"1668",0.132510399864324,3.66087344810885
"1669",2.80243280699797,7.16803608560692
"1670",5.49458252371399,-4.49434583672061
"1671",4.68997911764396,-8.27351278896853
"1672",1.84823900824192,3.3844455603768
"1673",1.63388467920372,3.61124011087175
"1674",5.48383933025115,-6.36971430576849
"1675",0.380647340198173,-0.66811753727583
"1676",6.2208687347585,3.42377411548219
"1677",4.76852343801588,-5.56643429659437
"1678",5.87230058258155,-2.81221511252232
"1679",1.91880508981961,4.35174412483843
"1680",5.11179873502702,-7.65441097997952
"1681",0.564392475429163,3.82551889003357
"1682",5.50545771627513,-0.0551457953750929
"1683",0.971293571693085,2.03462109120728
"1684",2.536021788904,3.46680537505374
"1685",2.22281153576548,3.25084034538244
"1686",0.130601416118917,2.53544997727895
"1687",0.0114353512082782,2.3608808059828
"1688",3.70790158827575,1.32140624823343
"1689",3.45738220100056,-0.516988884835691
"1690",0.22611622111679,0.753463744152769
"1691",2.13533170737663,2.7461129455714
"1692",4.2161586171411,-5.49667546637008
"1693",0.978559637096731,5.10819156443617
"1694",1.53656190641673,5.26206252401482
"1695",4.62822169445653,-9.61838569593698
"1696",6.15139125441114,-1.1634404670212
"1697",1.41525942812733,5.39163058585556
"1698",0.548234049314428,2.60106783765987
"1699",5.72600914038436,-4.01523977163263
"1700",4.58805271428585,-5.05356297496883
"1701",0.898291813436831,0.0227963161934852
"1702",0.286440085527877,3.89654943124845
"1703",5.2033147251382,-3.76845549412023
"1704",3.1946304632846,-0.100661978772223
"1705",4.43677180418871,-3.31751384933624
"1706",2.91059759775281,-0.782214632576749
"1707",2.40380502888239,3.57810303472362
"1708",4.21418891059205,-4.22434337246724
"1709",5.96633198864705,-3.52600585842377
"1710",1.29766711489548,6.74951387622672
"1711",0.134485192979527,5.01873786392943
"1712",3.59887383970096,-2.96545596986126
"1713",1.56600946866018,6.39391274506167
"1714",6.16436018849358,-2.87000416596369
"1715",2.90217705006606,-0.653856613229159
"1716",0.220241124555436,-2.39468502838485
"1717",6.19494783936916,1.88325296063486
"1718",1.62488773594206,-0.443621649077788
"1719",1.94418594314831,0.593986550179031
"1720",5.60847587052619,-3.07713636246657
"1721",1.4032840173034,3.05666955782229
"1722",4.54554370448353,-9.65876831093649
"1723",3.43756344998432,-0.418901022527912
"1724",6.00522220432921,-5.09382699639784
"1725",1.7982424501646,4.87137862737401
"1726",3.97006787202806,-8.33014229140461
"1727",1.0431361765688,3.85977067937157
"1728",1.09170470570014,1.40448409715818
"1729",5.89215831305002,-4.79186869775439
"1730",2.27761031261735,-0.893432408284312
"1731",5.72112361427687,1.53025567948685
"1732",2.2180058264684,3.36480729642366
"1733",1.92537501395189,0.698734576339966
"1734",5.63460070986204,-2.9150727930726
"1735",1.80880145492667,6.64513575006131
"1736",3.76355665935571,-2.26811399918153
"1737",5.27886261185093,-5.7062855817588
"1738",2.30207718008059,4.88559456705796
"1739",1.33352769891846,5.42501298184227
"1740",6.03967450148567,-0.781507685222576
"1741",5.05516267789648,-7.9090530022128
"1742",0.187632907320874,3.28061972115397
"1743",1.60313362476744,12.5327897975194
"1744",1.81410891879242,0.715669384754243
"1745",0.100847837745807,-1.10662243726454
"1746",1.06693891579701,1.87671196456918
"1747",2.37005450962064,6.8107078321012
"1748",6.20911365110065,0.25309355000302
"1749",3.53158981483411,-4.22404939405941
"1750",2.29723402008067,3.4835659310617
"1751",6.03313641191371,-5.02028372714459
"1752",5.75710132683587,-2.18532506884955
"1753",1.72072155509673,3.81637791707857
"1754",3.39683534837541,-0.150041738317091
"1755",1.53976391810194,7.87968749174009
"1756",3.09800734277236,0.261708894551859
"1757",2.07993894335996,8.16186506957871
"1758",1.33511965514982,9.56935448020048
"1759",5.02442905412912,-2.76702363392226
"1760",1.49357743360947,3.12879611990114
"1761",4.51610957036513,1.81324285858311
"1762",3.2350102250809,-8.06628739978707
"1763",2.95589026124262,-2.71050032896515
"1764",4.78288738590911,-8.5473111320518
"1765",3.39416800252689,-3.72271464104953
"1766",1.190002476814,3.52655009235757
"1767",4.47994494954065,-4.95879270101269
"1768",1.7049319891465,9.93800505678237
"1769",2.78655405717288,1.63872573432591
"1770",5.63202959915353,-0.0701838046823231
"1771",3.01901836259857,2.50186134457114
"1772",3.4352533033803,-1.99184138091444
"1773",5.30769504922625,-3.75526928182228
"1774",4.45100322340731,-7.66829824022035
"1775",2.7962316303855,5.17595565917339
"1776",2.60755183840625,4.18635299723606
"1777",2.49351960800328,-3.63311151513563
"1778",0.69010402642557,6.32254720544467
"1779",2.73966729720255,10.2473474589683
"1780",5.09277434267615,-3.5636501977227
"1781",4.55927225292697,-7.70964067208147
"1782",1.88549213813288,5.97154566461416
"1783",0.478330454577692,4.30323837422708
"1784",0.827600037937774,2.62904418642854
"1785",4.75592634113623,-5.57565121461058
"1786",5.03181003906248,-6.79603252074146
"1787",4.30551857321623,-5.71152569975425
"1788",0.0741753652674106,0.417409239132399
"1789",4.60941966272787,-12.2712452184809
"1790",4.51320559166562,-5.52039616411454
"1791",2.83253921049052,3.11273045654055
"1792",2.94283890196683,1.51646589544436
"1793",4.52418930787863,-4.47851727727698
"1794",4.5195413260201,-5.44566374533159
"1795",4.90444544037572,2.54242129565813
"1796",4.0368057149671,-0.78706802409773
"1797",2.22608880580836,3.54529453209746
"1798",5.919804092722,-5.69878866762933
"1799",1.24674913201425,5.32139388320436
"1800",3.28992591395691,0.264871182036993
"1801",5.91156921274619,-7.21091952882306
"1802",3.39938801022402,-4.1315195021496
"1803",1.92078627881265,7.65815385069983
"1804",1.70210750980417,2.82158785497056
"1805",0.493054624104169,4.31846784539787
"1806",2.13929654452801,8.8105037336581
"1807",2.53731423606533,-0.334654836117539
"1808",2.35738637343907,3.18460706363095
"1809",4.0677045416844,2.58668659937035
"1810",5.05838729605477,-4.58215398449637
"1811",0.0232326298122853,-5.49995154368632
"1812",5.22635449992302,-4.93872192642748
"1813",3.15679311559576,0.0192305718981249
"1814",5.57682875535967,-8.19945640699815
"1815",4.22842684857361,-1.92198258230815
"1816",5.61071359390778,2.73465142535094
"1817",1.84324034297602,2.2866062027297
"1818",4.47603130135578,-4.92855007075777
"1819",5.32611060725673,-6.28011051300664
"1820",4.20471149529395,-4.51150299138588
"1821",2.35190954462145,7.49009259418612
"1822",2.86771134672831,1.19320077893675
"1823",3.77494343875792,1.50669108251391
"1824",3.2312653669211,0.597312144819925
"1825",2.25310125167087,4.19679433007453
"1826",6.11445243246951,0.514617710108121
"1827",2.62534776578091,3.5447256875625
"1828",5.57858262443821,-0.858095520335063
"1829",4.85377972601392,-4.05378252500443
"1830",5.20127104028481,-5.22496464433586
"1831",0.388252632897713,2.64619019175692
"1832",3.66386071891676,1.52071913829304
"1833",0.702467833222036,5.19158857158823
"1834",5.79056824479876,-3.81114586523616
"1835",5.15913329568433,-0.422313669501332
"1836",4.57984883939581,-11.6685049470939
"1837",3.33275346393056,-2.69920242355536
"1838",4.74669114264743,0.0933864324863976
"1839",6.20582698327203,1.1556251478075
"1840",0.45776529642488,-0.695258596761406
"1841",1.49336344234159,10.861057096668
"1842",3.45124886282527,-2.19296489562734
"1843",3.2261547694042,0.312098986032743
"1844",0.333493351908146,-1.70888365799912
"1845",4.28861837010065,-1.03339501153483
"1846",5.05767007413388,-5.98584594914647
"1847",3.97767061925014,0.184015505081199
"1848",5.80815451114306,-6.56985713350071
"1849",0.259280464254921,2.01028720825075
"1850",0.818022377641208,3.01687426723008
"1851",5.90172994758702,-1.62094227410844
"1852",5.8942903259712,2.74242405814013
"1853",6.19069882599213,-1.10934986268657
"1854",4.05963434239678,-6.28494989139355
"1855",4.64389324534239,-7.92755802085603
"1856",3.45347693972504,-0.729432487496134
"1857",0.197482396814503,2.23537414525662
"1858",1.02210188399466,1.86749207594198
"1859",2.43212184176273,2.97953806651943
"1860",5.26125536726137,-3.16776402330098
"1861",1.83178153241342,1.94749810885275
"1862",0.62212493845798,-0.495579019828091
"1863",3.30316274052387,-5.45575386275802
"1864",4.45594737156806,-1.43365429627408
"1865",1.62910340941607,9.91891281181984
"1866",0.353927713481328,1.58076788144868
"1867",1.56458533692795,2.04451269461188
"1868",0.128303152798454,-2.48953665676203
"1869",0.522424527341384,3.21816296291809
"1870",5.94775355663221,2.92307144742682
"1871",3.3148991471066,-4.19452008182241
"1872",2.64289209904139,2.91856260020549
"1873",0.501056088185836,3.57959075113337
"1874",3.79710904538155,3.52576495984542
"1875",1.21944227388829,4.03999840648549
"1876",1.49829347480581,10.2650912783121
"1877",0.0391492545864521,0.860093815676262
"1878",3.05472965436864,2.41674811270625
"1879",0.455472017266312,4.4226405048945
"1880",1.2543773896018,7.04508037877947
"1881",5.20843344185044,-1.94083615947372
"1882",1.26012916216907,1.21095967328122
"1883",5.74897665725648,-8.13875375643114
"1884",3.78658591575953,-1.63440888002185
"1885",0.538726015140926,-3.83858913958392
"1886",1.82835633940896,1.17462399898662
"1887",0.282082880581373,-5.06995763468563
"1888",0.673113243811275,-0.797009151156789
"1889",3.15676130444213,0.751752276763417
"1890",5.67915825994285,-0.481607191430693
"1891",1.65503716678116,3.52430125262318
"1892",2.79716263145115,6.23165314037361
"1893",4.29937237745394,-3.89726253072259
"1894",5.47558201935243,-5.1662707257588
"1895",3.47253161740599,-2.73098162927996
"1896",5.3660863973917,-11.9574400346737
"1897",2.65754495716317,3.72422523350871
"1898",4.54274920764724,-3.75480321710822
"1899",6.21860849853059,-4.42706313821769
"1900",2.04588492126182,8.11385957790217
"1901",0.113349669400134,1.37763487027887
"1902",5.12372059280882,-9.89092478075581
"1903",1.96105994832693,1.51376215287034
"1904",4.37055147144605,-0.050747567946285
"1905",0.280902109660382,2.4706195016689
"1906",6.02826121985954,-1.47489610032702
"1907",2.10928305388852,4.05439780167779
"1908",5.79530601032857,1.17702395141386
"1909",3.38821173595591,-0.0299538652420499
"1910",5.5934475413131,-2.27622661284703
"1911",1.9321016517205,5.49015084364921
"1912",4.03786724197253,-2.11371617923009
"1913",2.42828818008676,2.40774773525436
"1914",0.0487287888810782,-1.40313182459868
"1915",2.51402598171892,3.61992988208083
"1916",0.103910522576067,3.64424732626716
"1917",0.491736517359732,5.38964962755576
"1918",0.261069405331497,2.89868157190982
"1919",0.072710150406759,4.1378661430478
"1920",4.89452401334846,-4.16197527739511
"1921",2.65937730009332,1.48254539012815
"1922",2.10038071168737,2.00162994347918
"1923",4.4989804659206,-4.01501869740369
"1924",5.45095800961788,-5.41256944624588
"1925",5.36085862745124,-4.9282671337503
"1926",0.6234150142291,-0.885339329720847
"1927",5.96458642748028,-1.72423824686818
"1928",1.52558813365791,6.59905381314025
"1929",4.59901089526378,-6.06882193329755
"1930",4.02539551132061,-2.14430000099291
"1931",3.70187784899711,-3.57224659190603
"1932",0.22650337360896,0.398035549589957
"1933",4.90432511828953,-3.12585262279279
"1934",5.25933031921254,-7.03944312586091
"1935",3.15325498385266,0.0133315548043003
"1936",5.57832658159014,-3.49607889453634
"1937",4.0141281411437,0.63498481065161
"1938",3.22700552063569,-0.227564353721034
"1939",1.39165548191108,5.59778423528667
"1940",4.36760461315472,-5.9720958380451
"1941",1.25714131145024,3.94533005465628
"1942",2.46765496327701,1.72073788997107
"1943",3.8745871018193,-5.39414107499729
"1944",1.86278686688149,8.608530303694
"1945",3.11117814784641,1.44352980683705
"1946",5.32923575868897,2.46473877660367
"1947",4.77714844167048,-1.69675572939368
"1948",5.41527189320503,-6.51364164141397
"1949",3.19281650630887,-3.68491799670986
"1950",6.06430238941606,1.21481753031541
"1951",4.55610621439732,-8.15084079662336
"1952",1.77871438828529,2.37536179874591
"1953",2.8572072891693,1.57473399827903
"1954",1.56018406742598,4.7162400707044
"1955",0.584563514673912,1.93737613669112
"1956",2.79665476481075,4.64808803850583
"1957",2.63757729132688,5.29700949582519
"1958",5.93690413483596,7.63659889473865
"1959",5.76997184310453,-1.59664947125944
"1960",5.29138574798124,-12.0335953055876
"1961",4.88881434210059,-7.54010780775857
"1962",3.61239014067487,-1.9359346331319
"1963",4.92998709180802,-3.75808235577708
"1964",5.23172555098599,-7.71154518235179
"1965",5.45331688602312,-2.60983720646983
"1966",5.70517650667869,-6.70641477738437
"1967",2.06354268333848,6.72013352180714
"1968",3.75594431100227,-4.56476246940672
"1969",1.51206773651338,4.79822179282328
"1970",3.71223587514762,-2.87802864543315
"1971",1.82795052739669,4.63568641100114
"1972",3.63374666289974,-4.82670842755793
"1973",2.15139900978713,5.14682853440822
"1974",4.34292266454963,-6.36534926703278
"1975",1.93292987108773,5.61676916909072
"1976",0.663577836977592,3.03269474145719
"1977",3.07469023090392,2.2777857313494
"1978",4.52036834140575,-5.14847445965227
"1979",1.20801099690686,2.69169979359626
"1980",5.10069981108943,-5.85420029881587
"1981",1.94010664728641,3.34944140079491
"1982",3.56035160789538,-6.70821382648108
"1983",3.43296800443985,-0.513868728140226
"1984",1.39934483827221,5.11677338417993
"1985",4.52785276342483,-1.58666990108999
"1986",5.80710140030534,-5.50772939043879
"1987",2.79868429446881,-3.1486480539802
"1988",3.52013845637621,-3.59855837135395
"1989",2.11530879736492,1.42506632378975
"1990",1.33922240744021,2.13270289329129
"1991",4.39956519509267,-8.65272603863416
"1992",6.05782509725655,0.463308446277489
"1993",4.9590563536766,-7.58598459280111
"1994",2.36849301134369,4.2417250084057
"1995",2.55220460917771,5.75442480236718
"1996",3.19586322338829,2.78983500705864
"1997",4.06181778274012,-7.08059716947758
"1998",0.0751284095826746,2.64294423834685
"1999",0.8548954838398,3.03920268910148
"2000",0.293408700187221,-4.3996927177173
"2001",3.85467271545946,-3.45160082126263
"2002",1.17714020847747,11.6923028194681
"2003",4.88195264919782,-2.44680801730898
"2004",3.57369117227321,-2.5857999774994
"2005",1.98391610056027,8.18559491240733
"2006",0.00518140567777273,2.1181582531825
"2007",0.278330036351776,-5.52650208741245
"2008",3.20845358938186,-1.06454911143146
"2009",2.60078557750147,4.41970012927427
"2010",4.40538462030652,-0.236066064636907
"2011",1.3463750952298,9.41484044764852
"2012",1.86784813187492,5.24983301989514
"2013",3.84540958986453,-0.827202442583678
"2014",5.13996725336459,-6.24574962611737
"2015",3.89282104881067,0.484888756611079
"2016",2.69429872728237,6.3959438434179
"2017",3.05634203878807,-3.61100557454578
"2018",1.15535292417248,7.40634908869083
"2019",1.93578692815277,4.20228531068599
"2020",5.91232837213966,-0.840012004891998
"2021",3.87465842053859,-6.09396350225647
"2022",2.00749903049539,5.37137103554341
"2023",4.26785968836681,-4.31550620299246
"2024",3.42740646827669,-1.90449465700177
"2025",4.39209247788115,-5.15641298167098
"2026",1.64180020855157,5.06033582934723
"2027",2.74432692974066,6.2193645274667
"2028",2.36103278452672,3.60371217028601
"2029",5.36813903969249,-3.43536510258976
"2030",4.85861304203807,-0.576690285386338
"2031",3.43000751175202,1.50306623843472
"2032",4.06731259228385,-0.531756453604108
"2033",0.413843191144324,-1.58763805148459
"2034",4.10801988242016,0.0447437749827415
"2035",5.83803322752867,-8.4545100676691
"2036",5.40698760170818,-3.04833746077616
"2037",5.01274927710524,-2.17961736247457
"2038",1.34060509470326,8.69285129681546
"2039",6.09064988049482,-3.02350429594673
"2040",4.57271823728047,-8.75129172753469
"2041",2.16118658127305,5.99531204242909
"2042",0.904852622126562,4.25598207342848
"2043",0.870582572378576,-2.2462306965718
"2044",5.31523612859961,-0.520127215492745
"2045",3.59028228274242,-5.04329810881982
"2046",3.58446574679178,-8.48095140132589
"2047",3.05172994231003,2.63661567986249
"2048",0.950497215429943,0.821377530601107
"2049",4.6017143942068,-5.7729867980611
"2050",5.47466398559264,-5.10677214653048
"2051",2.85555733555068,-3.19900770091042
"2052",3.24269499811969,0.31710554081071
"2053",4.06901787785298,-3.91966572287863
"2054",4.55350319013092,-7.07897909710125
"2055",6.0497588522365,-2.98122889131821
"2056",0.576949005590473,5.97890699641346
"2057",2.84180971504425,1.02991669508001
"2058",4.59118239344955,-4.19103028249889
"2059",2.28026271183185,0.36215091940198
"2060",4.90433223831182,-2.32550522604433
"2061",0.246544213144654,4.01042432662042
"2062",3.79658754141882,-5.4381488210816
"2063",3.92884726441859,-0.65493217567825
"2064",1.09270284592811,2.40789682829408
"2065",2.44878522331089,5.25737258514637
"2066",5.21183110566249,-0.68597548467867
"2067",3.56546679751214,-4.32745200168152
"2068",0.0971113664953533,1.79791598428006
"2069",4.92671050348496,-6.17746585536504
"2070",4.76564791892469,-2.75007871413981
"2071",1.9589666910315,5.56987815421045
"2072",5.06794909685644,-4.36811126595181
"2073",4.44297854427864,-0.323898248091465
"2074",5.93537427216247,3.91176142930059
"2075",0.634560508700825,2.16137783383745
"2076",5.1446455454228,-4.2623409322469
"2077",0.400280884322665,5.97342510267907
"2078",0.0542739242696534,-0.185118036938241
"2079",3.69407732402822,-4.17340165854671
"2080",2.29727857617661,2.39907106984438
"2081",1.32757176296696,8.39128423578369
"2082",0.101999141107928,0.0988628282480067
"2083",0.339617182578846,5.34691171599922
"2084",5.49848600022946,0.547516832250347
"2085",5.3383852521221,-6.01819439941362
"2086",4.45363870543714,-2.89359644734653
"2087",4.79105605421265,-5.19919370041205
"2088",3.22887200514797,1.11198114165966
"2089",1.82203528104865,-0.948508790527069
"2090",0.637610474921303,3.64887256290116
"2091",5.48860520282601,-4.51151484765363
"2092",2.11329441183482,2.82889215367029
"2093",2.26015460878579,1.22633684445311
"2094",2.39939222866012,0.0839359970887221
"2095",4.87871070570072,-3.59655340097015
"2096",5.48467079437068,-1.92600104606789
"2097",2.18325450300486,8.31715847964652
"2098",4.9884838680907,-7.80158841460121
"2099",4.47636935685429,-6.50369162828806
"2100",0.904014574875673,7.27514907505369
"2101",0.440179171983637,4.87916053941531
"2102",3.60708737277616,2.73497248575157
"2103",2.22140085849082,4.13479700647672
"2104",2.01083883443449,6.91452975503568
"2105",5.93142228967225,-8.65214056064486
"2106",5.3374420854297,-4.3162407632149
"2107",0.776167546768072,7.33356537596725
"2108",2.44897627602328,-1.04222732970882
"2109",6.0934489240805,3.14320977713804
"2110",3.76177248885499,-4.04233682806301
"2111",5.97606484260806,1.8167024451882
"2112",3.07079950664535,7.30856720867745
"2113",5.93805050084956,-0.449967955713871
"2114",0.0950184149498062,1.86982447205739
"2115",0.814987633083344,7.2587021257008
"2116",4.93763153950995,-1.98006947237547
"2117",2.11976780970639,-0.468992316311284
"2118",2.7470271693022,5.79852095471097
"2119",4.36541369144832,-2.39811934486194
"2120",2.94356144159493,-1.42364702232433
"2121",3.39164247927157,2.35189917116425
"2122",5.36071013248869,-5.63200808915072
"2123",3.56162418862919,-11.6013085545333
"2124",5.0910972153542,-1.6031802115571
"2125",3.4618506696445,-0.797013870556631
"2126",2.29901590550335,5.04810560440076
"2127",5.47714883972536,-6.02785296152472
"2128",6.12100003686065,-4.58350421011072
"2129",1.85696504979658,5.37301187997376
"2130",2.57734530548577,6.88111575748093
"2131",4.78449736236538,-8.97907799280829
"2132",3.61996598483347,-2.13861230959959
"2133",3.16656570680056,-5.87273892327263
"2134",5.76243284692651,-4.24421393263034
"2135",1.39205448842845,3.77424035925164
"2136",1.32470165520974,3.87502568332723
"2137",4.254627252017,-2.73107073965913
"2138",3.62854253078961,-2.75746413523508
"2139",5.87679070095015,-2.3495217505704
"2140",0.615204080759335,0.265321028803216
"2141",0.376407728995635,0.552830821636897
"2142",4.05834420810894,-4.4964049991296
"2143",5.43201088274827,-8.43745675476734
"2144",4.62896472517817,-9.66652416868291
"2145",3.70564785032994,0.991748713393688
"2146",5.91476245862627,-3.1348370687318
"2147",2.22957712372794,0.924639671400082
"2148",1.48599120858418,1.43070804681551
"2149",0.146615731636582,-2.8323826158173
"2150",0.98663888745851,7.39068929816446
"2151",0.772192517466432,0.603361385594472
"2152",5.14087153715735,-1.64353233950606
"2153",2.65309109283042,7.00173594392339
"2154",3.65578712419628,-2.63683290465913
"2155",6.20539158081577,-3.37647404822908
"2156",0.722009978613689,3.13969251212288
"2157",3.08790743535068,1.88329003612043
"2158",0.582755500071418,1.55350398515437
"2159",0.11202813357572,-5.66781849593054
"2160",5.423982125004,-5.53351542966235
"2161",6.16984463326272,-0.284568644513766
"2162",2.16970566526995,7.67409774115416
"2163",3.8928666070055,-6.73916512961024
"2164",0.743339915228308,2.93087317225792
"2165",2.69468774206925,4.18006437139159
"2166",6.00852326434589,-4.61334249852172
"2167",4.08372016943958,-3.78293449285278
"2168",4.33105335771107,-1.91296869048297
"2169",5.17423836957986,-4.97584666143196
"2170",5.91778814333247,-6.11187315741284
"2171",0.779178843674961,3.3927171910382
"2172",0.55398066509547,0.355123877711488
"2173",1.65824514132046,2.99787653682527
"2174",5.63832806420702,-5.63879232138185
"2175",1.20066681899237,6.88075949341914
"2176",4.65190467774785,-9.5702882658606
"2177",4.60837792022654,-4.89927578668841
"2178",3.48509237247472,-2.08756363706881
"2179",0.245045716897699,0.600585425118279
"2180",2.20299873151123,6.40763591036188
"2181",3.74143219437722,-1.99808052331465
"2182",6.12962224634171,2.72072580707269
"2183",4.8784297683757,-0.849139030189311
"2184",3.57998118312313,-1.03339989226792
"2185",0.859210114944362,0.399891501972833
"2186",3.56829752790342,-6.11484205459969
"2187",0.367468728993262,0.489133800737157
"2188",4.49805803170323,-2.74190098376166
"2189",0.754854591706517,3.83934057021209
"2190",0.490244964121981,-3.14128479597087
"2191",1.82430735374674,5.4767993305895
"2192",1.02184913271227,4.33148883449462
"2193",1.24396350631319,10.2943085971062
"2194",0.39542071204841,-2.42524595527544
"2195",4.43991435264276,-9.83963179241919
"2196",3.1981411477587,1.50550814614156
"2197",1.49549103725018,4.09717266857409
"2198",5.08259489932433,-6.73958698227487
"2199",5.94588270384654,4.16095517968188
"2200",1.37876064755519,11.3249690370555
"2201",4.23090707403352,-0.508008626800657
"2202",1.37061814207858,7.76622056493275
"2203",4.14923682395693,-5.46894136120158
"2204",4.29870726906379,-1.96441337474355
"2205",0.591475687027921,1.57070877059572
"2206",0.985811380532382,1.54345280953594
"2207",0.546821288844427,2.42708171677327
"2208",3.90691124523248,-4.50470309712478
"2209",4.58377599909206,-3.83406908836391
"2210",4.29737293855785,-4.53091985526228
"2211",3.3728752898628,-2.18179469937964
"2212",2.78122131847147,5.03028809079586
"2213",1.87813022965127,5.40199328854025
"2214",1.81510271854245,6.27459506305918
"2215",1.45612797572352,3.49239418529582
"2216",6.19622958674766,2.45197527257204
"2217",3.04713903766328,0.224620449286903
"2218",3.89293612779846,-1.92564407234584
"2219",5.91513901373988,-2.43588173152636
"2220",1.70722554918534,3.47189818941916
"2221",2.69325990769136,-1.44912997169606
"2222",3.13205149163639,-4.11481334875289
"2223",3.57875693573974,4.64637478030341
"2224",2.38599526230269,1.45144712774055
"2225",3.89628211549228,-5.18569996675713
"2226",3.32242788384013,1.98054365847595
"2227",6.27830320868916,-0.431797839123603
"2228",1.74389942057071,4.19218241894564
"2229",4.38077265477651,-3.64691207557702
"2230",0.447066132407468,4.27554270266492
"2231",2.73235150428755,-4.91279096273934
"2232",4.0201277729953,-0.12320792388063
"2233",5.89225583702086,-6.41474766483214
"2234",5.88415020293152,0.391434721479071
"2235",5.23429872148316,-7.51117169462632
"2236",6.24859738727675,-1.15037337284387
"2237",2.49756293217254,-1.51737172835659
"2238",5.55556272778426,0.0317591358391134
"2239",4.98245456240877,-5.48933058205513
"2240",3.05261046831318,4.29300509092637
"2241",5.25035394311616,-1.9988535165299
"2242",4.96818957653485,-4.97265868254353
"2243",2.30455929563066,1.6374375688202
"2244",1.212403459642,5.90079115761561
"2245",1.66705659973593,1.51636666214144
"2246",3.18111420180948,0.880897677479643
"2247",0.997992305013922,6.05698552485811
"2248",3.96496160328576,-1.92779333716311
"2249",3.67834304175221,-4.55439643083122
"2250",0.992648727552472,7.87955864862869
"2251",3.395568278454,1.56937381770657
"2252",2.1758787699474,8.46323155468961
"2253",3.41635643213547,-3.97985105677827
"2254",4.05882083705959,-0.981542070360388
"2255",5.97787030295558,-2.18182988490774
"2256",1.78389449489181,7.54707387397964
"2257",3.52182344834575,-1.93348342984936
"2258",4.85084628560721,-4.32730701600319
"2259",1.58597517126041,1.87927950486647
"2260",5.61322536573315,-0.356281453033561
"2261",3.78062853005622,-7.45018174985772
"2262",3.62107346209577,-0.450021971881204
"2263",4.76300152791473,-5.23191944902495
"2264",2.55467279921059,-1.5245957728482
"2265",1.88698723163239,-0.764902139205387
"2266",0.472048641920695,-4.51330067598045
"2267",5.50162134527488,-0.913713127064882
"2268",3.24000969495175,-1.61291607505286
"2269",3.14071703713971,3.28014581909268
"2270",0.277550990049942,-1.73264709518189
"2271",4.91268041251536,-3.67988338911013
"2272",0.919932672808346,2.28882235324046
"2273",4.19141556244784,-5.73714975110306
"2274",3.15744103762432,1.70068305040028
"2275",6.01603779321904,3.03362821708296
"2276",1.72708104724082,6.56471172956323
"2277",5.15954296541157,-4.68895672065075
"2278",1.56892808385508,8.1223880200314
"2279",3.33915865178377,-1.15090699974139
"2280",1.71214336920942,4.83309420419653
"2281",2.48563828753179,3.82254781759719
"2282",3.69701835405393,-2.06228810008978
"2283",2.39474608276377,3.46892169889464
"2284",1.44419875068627,2.84167781860197
"2285",5.68103637465386,-3.90966796284365
"2286",4.64754037325991,-6.90012548872815
"2287",3.71334370497318,-1.90504615341934
"2288",0.536816362841957,2.23836953654329
"2289",5.19810719028062,-0.498333040221327
"2290",4.67831032713485,-4.28751020574315
"2291",0.605841573287604,3.71873816054752
"2292",2.93131184920167,-0.466145793373975
"2293",6.26930755718417,-2.48300514946741
"2294",0.644273181706927,6.44731916151103
"2295",5.48161191020159,1.38061868129644
"2296",0.970997406853773,7.99373850699874
"2297",5.75878151311951,-1.37774309234944
"2298",5.69644329828836,-4.42429947135653
"2299",3.40344943361575,-4.12652133456867
"2300",1.46224384811987,6.75311224824298
"2301",5.69508526265787,-4.2826610127811
"2302",0.144401008253034,1.16490447121472
"2303",5.16477102354689,-5.07536961322449
"2304",0.751014377620472,-0.0204455863422934
"2305",5.25785260225398,-6.10960068204204
"2306",5.82013539035477,-5.29117440812293
"2307",3.89035958673804,-6.30352080156603
"2308",2.46426724438206,-2.5669474473383
"2309",1.10846605155747,4.41863633919281
"2310",3.01649056743147,-0.106707502044347
"2311",5.72703484052603,-0.859521240736488
"2312",2.82744783132843,3.98204797568557
"2313",5.2496486834764,-1.77715652860788
"2314",2.5960281284089,-2.6577681768843
"2315",1.43006728241961,4.65917928791393
"2316",2.63921948123926,6.71023345642376
"2317",5.77222612671878,-4.90255904637794
"2318",4.05406332506155,-7.28688390087718
"2319",1.8042609756032,7.75559595958438
"2320",2.38258563913534,1.75944085799994
"2321",4.00633518823878,-1.82965954609919
"2322",2.54539098776303,-1.08750600086125
"2323",4.77755487834877,-6.06134783852788
"2324",2.73772752049449,6.45300777757438
"2325",3.64737774150031,0.656936531050497
"2326",0.920019516014285,6.92734314602008
"2327",6.15247298724108,-3.58113952805896
"2328",3.62120341457167,-2.36355180173747
"2329",5.45210063494995,-1.42999071794571
"2330",5.3177018111909,-5.22278115226907
"2331",0.639431543141818,-1.14434953883406
"2332",0.501222929604022,3.09708794025931
"2333",2.56801187497378,2.51387451559651
"2334",1.66340705507775,1.95390711391904
"2335",6.13935717179472,-3.59320818183382
"2336",3.48527343784539,-4.55933892111519
"2337",1.23863576347703,7.86998535630248
"2338",5.15109647726144,-4.59937299751022
"2339",0.1614364303496,-0.629944352584783
"2340",1.206638074622,4.58296703365789
"2341",1.88491247439899,5.38434557872642
"2342",0.385748033759677,4.75978426545697
"2343",0.812791503388585,4.94085630984189
"2344",3.26006774718156,0.90710904895986
"2345",0.286859410514446,4.09664633631842
